app_id,hours,user_id
2,36.3,1
4,11.5,2
6,336.5,3
8,27.4,4
10,7.9,5
12,8.6,6
14,538.8,7
16,157.5,8
18,18.7,9
20,397.5,10
22,30.3,11
24,50,12
26,46.7,13
28,19.3,14
30,89.1,15
32,61.1,16
34,177,17
36,86.3,18
38,244.1,19
40,320.5,20
42,850.9,21
44,7.4,22
46,40.6,23
48,10,24
50,5.7,25
52,235.1,26
54,180.6,27
56,5.9,28
58,108.8,29
60,2.7,30
62,8.5,31
64,40.3,32
66,8.1,33
68,367.1,34
70,36.3,35
72,11,36
74,55.8,37
76,124.2,38
78,197.4,39
80,99,40
82,16,41
84,166.6,42
86,98.7,43
88,23.2,44
90,0.4,45
92,119.3,46
94,0.3,47
96,878,48
98,19.2,49
100,708.6,50
102,502.3,51
104,21.4,52
106,84.6,53
108,10.7,54
110,102.7,55
112,893,56
114,27.2,57
116,224.1,58
118,41.9,59
120,39.7,60
122,223.4,61
124,934.1,62
126,93,63
128,47.4,64
130,57.8,65
132,53.4,66
134,1.1,67
136,21.1,68
138,513.7,69
140,5.9,70
142,33.5,71
144,337.8,72
146,6.4,73
148,33,74
150,48.9,75
152,114.2,76
154,158.1,77
156,776.5,78
158,23.4,79
160,17.9,80
162,259,81
164,37.9,82
166,30,83
168,413.1,84
170,8.9,85
172,69.1,86
174,58.1,87
176,466.8,88
178,178.4,89
180,33,90
182,124.1,91
184,12,92
186,152.2,93
188,528.7,94
190,95.5,95
192,27.4,96
194,635.4,97
196,307.2,98
198,44.8,99
200,197.3,100
202,38.9,101
204,172.9,102
206,9.9,103
208,17,104
210,168.5,105
212,66.6,106
214,153.8,107
216,21,108
218,60.1,109
220,35.1,110
222,298,111
224,10.8,112
226,534.8,113
228,623.9,114
230,123.1,115
232,657.7,116
234,137.3,117
236,124.9,118
238,39.2,119
240,10.1,120
242,13.2,121
244,119.1,122
246,50.7,123
248,895.5,124
250,55.4,125
252,858.1,126
254,35.1,127
256,18.1,128
258,83.3,129
260,743.8,130
262,528.3,131
264,3.8,132
266,75.8,133
268,15.9,134
270,112.3,135
272,36.8,136
274,698.9,137
276,58.3,138
278,73.3,139
280,86.3,140
282,161.9,141
284,123.1,142
286,612.5,143
288,16.8,144
290,594.6,145
292,380.7,146
294,788.5,147
296,52.1,148
298,898.7,149
300,640.5,150
302,45.7,151
304,19,152
306,64.7,153
308,705.8,154
310,219.7,155
312,29.5,156
314,66.4,157
316,955.5,158
318,40,159
320,91.9,160
322,3.8,161
324,36.4,162
326,643.1,163
328,602.5,164
330,209.3,165
332,698.4,166
334,61.4,167
336,54,168
338,5.7,169
340,251.9,170
342,17.1,171
344,9.6,172
346,159.1,173
348,491.4,174
350,3.7,175
352,893,176
354,15,177
356,21.3,178
358,139.8,179
360,145.9,180
362,514.3,181
364,383.7,182
366,55.2,183
368,151.1,184
370,28.6,185
372,60.1,186
374,255,187
376,7.3,188
378,446.9,189
380,8.2,190
382,30.7,191
384,5,192
386,76.5,193
388,165.7,194
390,544.8,195
392,118.1,196
394,96.4,197
396,65.9,198
398,21.9,199
400,44,200
402,134.1,201
404,138.4,202
406,147.8,203
408,42.5,204
410,50.3,205
412,32.1,206
414,36,207
416,186.5,208
418,123.2,209
420,540.7,210
422,95.3,211
424,76,212
426,36.5,213
428,26.8,214
430,8.1,215
432,176.9,216
434,117.3,217
436,18,218
438,29.8,219
440,708.6,220
442,103.6,221
444,88.5,222
446,45,223
448,123.6,224
450,257.9,225
452,165.5,226
454,24.3,227
456,179.7,228
458,252.7,229
460,128.1,230
462,8.2,231
464,167.9,232
466,151.8,233
468,160.9,234
470,77.3,235
472,10.5,236
474,46.3,237
476,14.5,238
478,3.4,239
480,27.5,240
482,145.2,241
484,49.7,242
486,307.6,243
488,214.6,244
490,385.7,245
492,322.8,246
494,204.3,247
496,597.3,248
498,11,249
500,22.7,250
502,30.3,251
504,496.8,252
506,260.8,253
508,0.4,254
510,422.6,255
512,10.1,256
514,38.8,257
516,74.6,258
518,17.5,259
520,593.6,260
522,60.8,261
524,530.2,262
526,356,263
528,6.1,264
530,535.9,265
532,25.5,266
534,16.4,267
536,116.9,268
538,34.4,269
540,165.9,270
542,594.3,271
544,140.1,272
546,813.1,273
548,566.3,274
550,860.6,275
552,127.7,276
554,65.1,277
556,655.9,278
558,297.1,279
560,64,280
562,13.1,281
564,234.6,282
566,553.1,283
568,200.7,284
570,269.9,285
572,696,286
574,174.3,287
576,28.4,288
578,427.8,289
580,484.5,290
582,460.5,291
584,416.4,292
586,831.2,293
588,0.3,294
590,14.1,295
592,111.4,296
594,373.4,297
596,16.3,298
598,5.8,299
600,101.2,300
602,166.5,301
604,97.9,302
606,27.4,303
608,88.5,304
610,54.9,305
612,6.3,306
614,265.8,307
616,45.6,308
618,154.7,309
620,78,310
622,6.2,311
624,293,312
626,177.6,313
628,66.7,314
630,20.4,315
632,132.4,316
634,177,317
636,8.2,318
638,133.2,319
640,414.3,320
642,133.5,321
644,247.2,322
646,513.5,323
648,211.5,324
650,163.3,325
652,829.3,326
654,70.5,327
656,149.1,328
658,137.6,329
660,197.4,330
662,35.8,331
664,126.7,332
666,66.6,333
668,77.2,334
670,18.8,335
672,183.3,336
674,740.8,337
676,419.5,338
678,88.8,339
680,780.3,340
682,175.4,341
684,39.5,342
686,622,343
688,641.2,344
690,126.1,345
692,45.4,346
694,272.5,347
696,8,348
698,33.2,349
700,755.6,350
702,28.7,351
704,39.2,352
706,433.9,353
708,56.4,354
710,5,355
712,302.2,356
714,51.3,357
716,1.5,358
718,0.4,359
720,58.5,360
722,73.9,361
724,4.7,362
726,492.1,363
728,443.7,364
730,36.1,365
732,134.7,366
734,391.6,367
736,279.6,368
738,122.3,369
740,420.9,370
742,504.9,371
744,3.4,372
746,47.4,373
748,284.3,374
750,8.4,375
752,54.5,376
754,47.5,377
756,36.6,378
758,666.6,379
760,54.6,380
762,9.8,381
764,579.4,382
766,181,383
768,3.2,384
770,492,385
772,238.4,386
774,19.3,387
776,16.4,388
778,18.4,389
780,103.7,390
782,0.1,391
784,493.3,392
786,744.4,393
788,23.7,394
790,837.8,395
792,77.9,396
794,85.7,397
796,566.7,398
798,16.4,399
800,790.7,400
802,296.7,401
804,218.5,402
806,217.5,403
808,247,404
810,202.5,405
812,11.9,406
814,21.1,407
816,185.7,408
818,20.7,409
820,36.1,410
822,756.5,411
824,21,412
826,982.1,413
828,53.1,414
830,87.4,415
832,130.9,416
834,101.7,417
836,192.8,418
838,27.4,419
840,0.2,420
842,8.5,421
844,69.4,422
846,199.9,423
848,2.9,424
850,99.2,425
852,13.6,426
854,9,427
856,18.5,428
858,0.2,429
860,187,430
862,10.2,431
864,40.5,432
866,169.4,433
868,61.8,434
870,33.6,435
872,41.5,436
874,29.5,437
876,544,438
878,17.3,439
880,81.9,440
882,20.8,441
884,48,442
886,157,443
888,28.5,444
890,408.7,445
892,271.1,446
894,65.4,447
896,46.4,448
898,42.1,449
900,4.4,450
902,154.9,451
904,133.8,452
906,5.3,453
908,220.6,454
910,158.4,455
912,150,456
914,207.4,457
916,712.9,458
918,4.8,459
920,89.1,460
922,679.3,461
924,92,462
926,14.6,463
928,56.9,464
930,230.9,465
932,37.5,466
934,18.7,467
936,1.2,468
938,14.4,469
940,975.7,470
942,332,471
944,7.4,472
946,162.6,473
948,194.2,474
950,445.1,475
952,25.3,476
954,929,477
956,5.1,478
958,912.3,479
960,571,480
962,472.8,481
964,193.2,482
966,895.3,483
968,114.5,484
970,68.8,485
972,46.6,486
974,208.3,487
976,169.6,488
978,849.3,489
980,669.6,490
982,308.1,491
984,300.2,492
986,269.3,493
988,36.3,494
990,137.7,495
992,175.4,496
994,14.3,497
996,8.5,498
998,9.5,499
1000,29.7,500
1002,109.3,501
1004,17.5,502
1006,337.1,503
1008,712.4,504
1010,364,505
1012,17,506
1014,162,507
1016,222.5,508
1018,57.7,509
1020,41.6,510
1022,104.3,511
1024,5.8,512
1026,72.3,513
1028,43.7,514
1030,3.1,515
1032,5.6,516
1034,437.5,517
1036,29.7,518
1038,138,519
1040,22.7,520
1042,13.4,521
1044,15.2,522
1046,183.8,523
1048,35.3,524
1050,33.8,525
1052,35.7,526
1054,32.2,527
1056,648.5,528
1058,116,529
1060,808.7,530
1062,34.5,531
1064,84.7,532
1066,61.3,533
1068,90.5,534
1070,81.2,535
1072,72.4,536
1074,46.7,537
1076,269.5,538
1078,388.9,539
1080,94,540
1082,206.5,541
1084,53.9,542
1086,75.5,543
1088,757.9,544
1090,124.3,545
1092,22.9,546
1094,47.4,547
1096,119.4,548
1098,72.1,549
1100,108.8,550
1102,83.7,551
1104,12.1,552
1106,284.7,553
1108,376.6,554
1110,221.2,555
1112,67.2,556
1114,58.9,557
1116,91.8,558
1118,833.4,559
1120,405.8,560
1122,671.8,561
1124,35.6,562
1126,298.5,563
1128,226,564
1130,54.7,565
1132,534.7,566
1134,44.5,567
1136,704.4,568
1138,16,569
1140,39.5,570
1142,12,571
1144,396.1,572
1146,127.4,573
1148,944,574
1150,202.7,575
1152,79.2,576
1154,120.1,577
1156,492.5,578
1158,5.6,579
1160,20.9,580
1162,133.2,581
1164,14.7,582
1166,59.5,583
1168,794.5,584
1170,411.6,585
1172,902.7,586
1174,243.2,587
1176,85.4,588
1178,18.1,589
1180,516.2,590
1182,43.2,591
1184,122,592
1186,31.8,593
1188,139.7,594
1190,112.1,595
1192,377.5,596
1194,424.2,597
1196,13,598
1198,226.9,599
1200,531.3,600
1202,111.4,601
1204,19.3,602
1206,66.9,603
1208,3.9,604
1210,163.6,605
1212,429.3,606
1214,114.3,607
1216,11.1,608
1218,135.6,609
1220,56.5,610
1222,72.4,611
1224,64.3,612
1226,678.3,613
1228,28.3,614
1230,15.7,615
1232,15.3,616
1234,259,617
1236,28.3,618
1238,14.8,619
1240,5,620
1242,233.8,621
1244,218.9,622
1246,486.3,623
1248,373.7,624
1250,212.3,625
1252,0.1,626
1254,24.1,627
1256,10.3,628
1258,295,629
1260,128.7,630
1262,264.7,631
1264,151.1,632
1266,24.3,633
1268,345.4,634
1270,23.1,635
1272,208.8,636
1274,13.4,637
1276,835.2,638
1278,838.7,639
1280,20.6,640
1282,540.5,641
1284,84,642
1286,57.8,643
1288,324,644
1290,275.9,645
1292,213.9,646
1294,225.2,647
1296,17.3,648
1298,583.2,649
1300,489.9,650
1302,53.6,651
1304,582,652
1306,377.3,653
1308,730.2,654
1310,2.3,655
1312,34.9,656
1314,78.7,657
1316,7.3,658
1318,18.9,659
1320,186.6,660
1322,20.6,661
1324,201.9,662
1326,93.2,663
1328,0.8,664
1330,365.7,665
1332,237.9,666
1334,153.4,667
1336,9.2,668
1338,76.7,669
1340,954.3,670
1342,85.2,671
1344,298.8,672
1346,21.8,673
1348,205.1,674
1350,136.3,675
1352,11.9,676
1354,577.1,677
1356,195.7,678
1358,292.9,679
1360,5.5,680
1362,0.9,681
1364,455.2,682
1366,93.4,683
1368,285,684
1370,100.3,685
1372,467.1,686
1374,8.5,687
1376,212.2,688
1378,57.8,689
1380,98.6,690
1382,14.7,691
1384,911.8,692
1386,142.2,693
1388,101.1,694
1390,145.2,695
1392,195.8,696
1394,9,697
1396,538.4,698
1398,3.3,699
1400,309.4,700
1402,9.9,701
1404,248.2,702
1406,333.5,703
1408,16.3,704
1410,197.9,705
1412,65.6,706
1414,75.1,707
1416,54.5,708
1418,766,709
1420,24.4,710
1422,588,711
1424,45,712
1426,77.3,713
1428,28.4,714
1430,2.2,715
1432,21.8,716
1434,457.8,717
1436,244.9,718
1438,66.4,719
1440,277.5,720
1442,77.2,721
1444,20.5,722
1446,244.9,723
1448,13.2,724
1450,189.6,725
1452,29,726
1454,187.2,727
1456,4.8,728
1458,39.4,729
1460,22.4,730
1462,6.4,731
1464,226.1,732
1466,7.6,733
1468,78.3,734
1470,101.3,735
1472,182.5,736
1474,21.1,737
1476,738.2,738
1478,196.5,739
1480,44.8,740
1482,69.4,741
1484,72.5,742
1486,39.5,743
1488,323.6,744
1490,311,745
1492,139.7,746
1494,42.7,747
1496,39,748
1498,11.7,749
1500,16.3,750
1502,18.4,751
1504,73.5,752
1506,250.8,753
1508,371.3,754
1510,760.9,755
1512,17.9,756
1514,39.4,757
1516,75.2,758
1518,828.8,759
1520,167.8,760
1522,1.2,761
1524,100.6,762
1526,218.5,763
1528,796.8,764
1530,905,765
1532,37.1,766
1534,1.8,767
1536,22.5,768
1538,665,769
1540,37.2,770
1542,81.8,771
1544,995.9,772
1546,80.2,773
1548,599.5,774
1550,22.8,775
1552,198.4,776
1554,516.6,777
1556,26.1,778
1558,134.3,779
1560,22.7,780
1562,14.6,781
1564,107.2,782
1566,34.9,783
1568,451.4,784
1570,25.9,785
1572,237,786
1574,7.8,787
1576,28.3,788
1578,335.5,789
1580,3.2,790
1582,153.8,791
1584,87.8,792
1586,993.6,793
1588,619.5,794
1590,12,795
1592,346.5,796
1594,34.9,797
1596,140.4,798
1598,23.2,799
1600,155.9,800
1602,9.1,801
1604,1.5,802
1606,131.2,803
1608,2,804
1610,102.6,805
1612,45.5,806
1614,96.5,807
1616,28.5,808
1618,112.8,809
1620,328.5,810
1622,64.8,811
1624,12.9,812
1626,286,813
1628,259,814
1630,3.7,815
1632,56,816
1634,104.7,817
1636,48.1,818
1638,164.4,819
1640,52.4,820
1642,192.2,821
1644,22.4,822
1646,70.3,823
1648,30.8,824
1650,13.5,825
1652,238.3,826
1654,244.9,827
1656,13.2,828
1658,612.9,829
1660,3.9,830
1662,95.6,831
1664,23.9,832
1666,8.4,833
1668,39.9,834
1670,9.1,835
1672,76.4,836
1674,133.8,837
1676,124.2,838
1678,5.3,839
1680,898.2,840
1682,278,841
1684,706.6,842
1686,183.6,843
1688,422.7,844
1690,15.5,845
1692,315.3,846
1694,555.6,847
1696,61.4,848
1698,12.5,849
1700,75,850
1702,8.3,851
1704,282,852
1706,57.3,853
1708,4,854
1710,3.3,855
1712,43.4,856
1714,583.7,857
1716,893.7,858
1718,464.1,859
1720,85.4,860
1722,319.5,861
1724,415.1,862
1726,329,863
1728,60.3,864
1730,26.5,865
1732,84.6,866
1734,485.6,867
1736,12.2,868
1738,893,869
1740,4.1,870
1742,41.9,871
1744,53.9,872
1746,98.1,873
1748,239.5,874
1750,147.9,875
1752,318.6,876
1754,374.3,877
1756,72.8,878
1758,83.5,879
1760,22.6,880
1762,29.2,881
1764,338,882
1766,103.8,883
1768,252.2,884
1770,44.5,885
1772,232.3,886
1774,5.3,887
1776,131.2,888
1778,25.5,889
1780,6,890
1782,70.8,891
1784,175.9,892
1786,157.8,893
1788,25.9,894
1790,338.6,895
1792,14,896
1794,215.2,897
1796,246.4,898
1798,72.5,899
1800,18.3,900
1802,19.2,901
1804,945.5,902
1806,4.6,903
1808,15.2,904
1810,556.4,905
1812,135.3,906
1814,17.9,907
1816,131.5,908
1818,322.9,909
1820,204.9,910
1822,615.2,911
1824,40.3,912
1826,184,913
1828,139.5,914
1830,20.5,915
1832,295.5,916
1834,43.3,917
1836,526,918
1838,73.7,919
1840,715.3,920
1842,530.3,921
1844,17.8,922
1846,51.4,923
1848,278,924
1850,366,925
1852,7.1,926
1854,129.7,927
1856,419.5,928
1858,117.4,929
1860,178.3,930
1862,165.8,931
1864,61.8,932
1866,726.7,933
1868,244.7,934
1870,43.7,935
1872,480.1,936
1874,420.4,937
1876,93,938
1878,656.1,939
1880,326.5,940
1882,165.5,941
1884,85.6,942
1886,9.9,943
1888,109.3,944
1890,2.9,945
1892,37,946
1894,49.8,947
1896,150.1,948
1898,17.2,949
1900,321.8,950
1902,394.7,951
1904,22.9,952
1906,115.1,953
1908,343.1,954
1910,0.8,955
1912,688.6,956
1914,64.5,957
1916,507.7,958
1918,393.7,959
1920,460.9,960
1922,134.8,961
1924,30.4,962
1926,744.2,963
1928,280.5,964
1930,146,965
1932,38.4,966
1934,16.6,967
1936,159.9,968
1938,357.8,969
1940,67.8,970
1942,637.4,971
1944,204.3,972
1946,959.2,973
1948,12.2,974
1950,32.4,975
1952,411.5,976
1954,50.2,977
1956,108.7,978
1958,181.1,979
1960,967,980
1962,52.1,981
1964,40.8,982
1966,40.7,983
1968,128.5,984
1970,12,985
1972,25.6,986
1974,23.3,987
1976,102.4,988
1978,2.9,989
1980,89.9,990
1982,111.4,991
1984,273.9,992
1986,49.6,993
1988,241.1,994
1990,0.3,995
1992,10.3,996
1994,334.6,997
1996,168.8,998
1998,18.3,999
2000,62.3,1000
2002,111.5,1001
2004,704.9,1002
2006,19.7,1003
2008,10.6,1004
2010,60.8,1005
2012,103.7,1006
2014,151.2,1007
2016,152.2,1008
2018,239.5,1009
2020,2.4,1010
2022,145.6,1011
2024,30,1012
2026,61,1013
2028,408.2,1014
2030,19.6,1015
2032,33.4,1016
2034,344,1017
2036,24.2,1018
2038,89.1,1019
2040,648.4,1020
2042,70.6,1021
2044,171,1022
2046,34.2,1023
2048,91.6,1024
2050,10.8,1025
2052,19.1,1026
2054,30.1,1027
2056,321.2,1028
2058,559.3,1029
2060,64.6,1030
2062,19.2,1031
2064,7.3,1032
2066,455.5,1033
2068,313.7,1034
2070,415.3,1035
2072,751.5,1036
2074,996.4,1037
2076,7.2,1038
2078,86.2,1039
2080,527.7,1040
2082,610.7,1041
2084,116.2,1042
2086,185.8,1043
2088,3.8,1044
2090,28.8,1045
2092,45.1,1046
2094,78.4,1047
2096,459.2,1048
2098,351.7,1049
2100,1.2,1050
2102,4,1051
2104,99.5,1052
2106,401.8,1053
2108,369.9,1054
2110,200.4,1055
2112,665,1056
2114,9.9,1057
2116,758.4,1058
2118,97.7,1059
2120,55.2,1060
2122,108.7,1061
2124,49.8,1062
2126,199.2,1063
2128,54.3,1064
2130,310.6,1065
2132,71.9,1066
2134,90.8,1067
2136,88.7,1068
2138,411.2,1069
2140,18.6,1070
2142,11.8,1071
2144,201.3,1072
2146,9,1073
2148,16.7,1074
2150,9.5,1075
2152,361.6,1076
2154,114.5,1077
2156,535.7,1078
2158,308.3,1079
2160,1.1,1080
2162,1.1,1081
2164,291.5,1082
2166,3.2,1083
2168,185.4,1084
2170,209.7,1085
2172,333.5,1086
2174,760.6,1087
2176,38.3,1088
2178,285.5,1089
2180,96.4,1090
2182,749.3,1091
2184,151,1092
2186,105.5,1093
2188,248.3,1094
2190,47.5,1095
2192,18.1,1096
2194,134.9,1097
2196,119.4,1098
2198,606.3,1099
2200,584,1100
2202,665.2,1101
2204,592.2,1102
2206,479.1,1103
2208,110.9,1104
2210,0.4,1105
2212,33.8,1106
2214,335.9,1107
2216,86,1108
2218,20.8,1109
2220,448.8,1110
2222,4.6,1111
2224,119,1112
2226,0.7,1113
2228,277.8,1114
2230,5.6,1115
2232,36.4,1116
2234,20,1117
2236,47,1118
2238,942.4,1119
2240,8.7,1120
2242,41.8,1121
2244,20.1,1122
2246,49.8,1123
2248,36.2,1124
2250,786.6,1125
2252,133.3,1126
2254,202.4,1127
2256,41,1128
2258,232,1129
2260,101.3,1130
2262,53.4,1131
2264,18.6,1132
2266,695.7,1133
2268,473.2,1134
2270,167.7,1135
2272,50.7,1136
2274,1,1137
2276,20.3,1138
2278,81.6,1139
2280,21.3,1140
2282,816,1141
2284,971.4,1142
2286,4.4,1143
2288,100.7,1144
2290,27.1,1145
2292,98.8,1146
2294,10,1147
2296,7.6,1148
2298,264.6,1149
2300,234.3,1150
2302,14.1,1151
2304,808.6,1152
2306,4.1,1153
2308,1.5,1154
2310,1.5,1155
2312,220.6,1156
2314,261.5,1157
2316,327.2,1158
2318,393.7,1159
2320,51.7,1160
2322,41.5,1161
2324,20.4,1162
2326,30.4,1163
2328,86.2,1164
2330,627.5,1165
2332,808.3,1166
2334,16.6,1167
2336,64.2,1168
2338,319.9,1169
2340,149.1,1170
2342,907.7,1171
2344,81.9,1172
2346,0.4,1173
2348,52.6,1174
2350,236.4,1175
2352,43.1,1176
2354,756.3,1177
2356,865.4,1178
2358,28.9,1179
2360,40.5,1180
2362,67.4,1181
2364,46.5,1182
2366,388.6,1183
2368,5.6,1184
2370,133.2,1185
2372,0.7,1186
2374,312.7,1187
2376,582.8,1188
2378,194.5,1189
2380,34.3,1190
2382,157,1191
2384,48.8,1192
2386,0.6,1193
2388,439.4,1194
2390,194.9,1195
2392,198.2,1196
2394,47.7,1197
2396,78.4,1198
2398,427.2,1199
2400,58.4,1200
2402,22.9,1201
2404,61.3,1202
2406,25.3,1203
2408,271.8,1204
2410,281.2,1205
2412,916.8,1206
2414,334,1207
2416,6.9,1208
2418,124.1,1209
2420,34.6,1210
2422,442.7,1211
2424,288.6,1212
2426,23.9,1213
2428,31.3,1214
2430,3,1215
2432,65.3,1216
2434,209.4,1217
2436,535.8,1218
2438,788.7,1219
2440,536.4,1220
2442,379.3,1221
2444,145.5,1222
2446,55.6,1223
2448,284.6,1224
2450,387.7,1225
2452,16.8,1226
2454,13.4,1227
2456,28.1,1228
2458,61.6,1229
2460,44.4,1230
2462,285.6,1231
2464,37.2,1232
2466,19.6,1233
2468,70.2,1234
2470,694.7,1235
2472,198.8,1236
2474,73.7,1237
2476,926.3,1238
2478,180.7,1239
2480,840.5,1240
2482,1.2,1241
2484,28.1,1242
2486,35.1,1243
2488,32.4,1244
2490,43.8,1245
2492,42.6,1246
2494,24.8,1247
2496,826.5,1248
2498,88.1,1249
2500,270.6,1250
2502,638.4,1251
2504,49.5,1252
2506,18.6,1253
2508,269.1,1254
2510,44.6,1255
2512,573.2,1256
2514,107.7,1257
2516,34,1258
2518,39,1259
2520,114.6,1260
2522,200.3,1261
2524,111.2,1262
2526,283.3,1263
2528,514.7,1264
2530,87.7,1265
2532,48,1266
2534,23.6,1267
2536,130.1,1268
2538,110,1269
2540,27.8,1270
2542,25.7,1271
2544,60.8,1272
2546,260.4,1273
2548,72.4,1274
2550,80.1,1275
2552,82.6,1276
2554,355.6,1277
2556,654.4,1278
2558,62.1,1279
2560,30.4,1280
2562,84.1,1281
2564,988.8,1282
2566,5.3,1283
2568,22.2,1284
2570,0.5,1285
2572,35.6,1286
2574,28.8,1287
2576,855.4,1288
2578,34.2,1289
2580,255.2,1290
2582,8.6,1291
2584,0.6,1292
2586,578.3,1293
2588,87.1,1294
2590,94.8,1295
2592,108.7,1296
2594,518.9,1297
2596,169.5,1298
2598,25,1299
2600,17.8,1300
2602,24.8,1301
2604,16.9,1302
2606,47.7,1303
2608,521.6,1304
2610,5.4,1305
2612,12.9,1306
2614,57,1307
2616,124.4,1308
2618,875,1309
2620,104,1310
2622,37.8,1311
2624,37.7,1312
2626,719.7,1313
2628,308.7,1314
2630,326.7,1315
2632,7.5,1316
2634,631,1317
2636,150.5,1318
2638,120.3,1319
2640,116,1320
2642,221.1,1321
2644,7.9,1322
2646,790.3,1323
2648,594.4,1324
2650,38.7,1325
2652,735,1326
2654,701.3,1327
2656,235.1,1328
2658,3.4,1329
2660,69.3,1330
2662,40.6,1331
2664,99.8,1332
2666,758.2,1333
2668,529.6,1334
2670,12.9,1335
2672,501.4,1336
2674,462.8,1337
2676,22.4,1338
2678,7.4,1339
2680,286.3,1340
2682,33.7,1341
2684,25.9,1342
2686,55.5,1343
2688,32.1,1344
2690,499.2,1345
2692,10.8,1346
2694,70.1,1347
2696,24.6,1348
2698,350.3,1349
2700,88.6,1350
2702,977.8,1351
2704,46.4,1352
2706,660.3,1353
2708,34.2,1354
2710,2.2,1355
2712,61,1356
2714,68.8,1357
2716,46.8,1358
2718,380.4,1359
2720,36.3,1360
2722,8.5,1361
2724,599.7,1362
2726,97.4,1363
2728,56.5,1364
2730,60.4,1365
2732,936,1366
2734,164.6,1367
2736,18.4,1368
2738,13.5,1369
2740,5.4,1370
2742,11.3,1371
2744,40.7,1372
2746,79.1,1373
2748,223.4,1374
2750,143.1,1375
2752,72.1,1376
2754,844.5,1377
2756,3.4,1378
2758,789.4,1379
2760,7,1380
2762,53.7,1381
2764,11.2,1382
2766,36.1,1383
2768,24.3,1384
2770,171,1385
2772,91.3,1386
2774,264.5,1387
2776,914.4,1388
2778,355.7,1389
2780,22.1,1390
2782,76.3,1391
2784,148,1392
2786,102.8,1393
2788,82.4,1394
2790,324.3,1395
2792,147.6,1396
2794,22.5,1397
2796,34.9,1398
2798,541.3,1399
2800,10.8,1400
2802,28.7,1401
2804,134.1,1402
2806,72.7,1403
2808,141,1404
2810,2.1,1405
2812,34.5,1406
2814,10.1,1407
2816,45.9,1408
2818,122.4,1409
2820,338.2,1410
2822,4.2,1411
2824,172.6,1412
2826,203.5,1413
2828,915.6,1414
2830,333,1415
2832,121.6,1416
2834,235.3,1417
2836,41.7,1418
2838,505.8,1419
2840,0.8,1420
2842,97.2,1421
2844,305.5,1422
2846,146.2,1423
2848,20.9,1424
2850,7.1,1425
2852,62,1426
2854,487.6,1427
2856,106.8,1428
2858,107.2,1429
2860,179.4,1430
2862,404.2,1431
2864,147.9,1432
2866,245.1,1433
2868,26.4,1434
2870,36.9,1435
2872,28.8,1436
2874,15,1437
2876,198.1,1438
2878,19.5,1439
2880,12.8,1440
2882,388.3,1441
2884,706.8,1442
2886,888,1443
2888,48.1,1444
2890,92.7,1445
2892,1.1,1446
2894,229.3,1447
2896,20.4,1448
2898,38.5,1449
2900,109.4,1450
2902,1.1,1451
2904,213.5,1452
2906,506.2,1453
2908,814.4,1454
2910,170.1,1455
2912,59.6,1456
2914,67.3,1457
2916,38.4,1458
2918,203.2,1459
2920,220.3,1460
2922,313.9,1461
2924,34.4,1462
2926,91.3,1463
2928,142.9,1464
2930,69,1465
2932,633.4,1466
2934,5.3,1467
2936,153.9,1468
2938,5.6,1469
2940,193.1,1470
2942,77.4,1471
2944,322.1,1472
2946,8.1,1473
2948,274.6,1474
2950,445,1475
2952,119.3,1476
2954,57.2,1477
2956,172.2,1478
2958,132.7,1479
2960,238.5,1480
2962,486.3,1481
2964,446.7,1482
2966,183.3,1483
2968,37.4,1484
2970,125.1,1485
2972,57.3,1486
2974,181.2,1487
2976,414.3,1488
2978,6.5,1489
2980,259.1,1490
2982,296,1491
2984,615.3,1492
2986,2.7,1493
2988,7.5,1494
2990,650.6,1495
2992,118.7,1496
2994,282.9,1497
2996,65.7,1498
2998,6,1499
3000,118.8,1500
3002,462.7,1501
3004,48.4,1502
3006,458.7,1503
3008,63.1,1504
3010,27.6,1505
3012,933.4,1506
3014,590.8,1507
3016,928.5,1508
3018,113.9,1509
3020,54.9,1510
3022,374.7,1511
3024,6.9,1512
3026,190.9,1513
3028,38.4,1514
3030,7.1,1515
3032,16.7,1516
3034,24.8,1517
3036,472.8,1518
3038,471.7,1519
3040,88.2,1520
3042,23.8,1521
3044,123.1,1522
3046,60.4,1523
3048,406.1,1524
3050,426.6,1525
3052,140.5,1526
3054,419.7,1527
3056,354.3,1528
3058,192.4,1529
3060,979.6,1530
3062,112.2,1531
3064,209.1,1532
3066,117.3,1533
3068,26.7,1534
3070,17,1535
3072,39.3,1536
3074,51.7,1537
3076,42.9,1538
3078,20.2,1539
3080,163,1540
3082,22.3,1541
3084,128.6,1542
3086,18.9,1543
3088,466.5,1544
3090,59.8,1545
3092,2.5,1546
3094,279.6,1547
3096,49.6,1548
3098,696.3,1549
3100,91.6,1550
3102,33.9,1551
3104,175.6,1552
3106,18.7,1553
3108,103.9,1554
3110,715.7,1555
3112,4.2,1556
3114,14,1557
3116,20.2,1558
3118,120.8,1559
3120,28.7,1560
3122,13.8,1561
3124,648.5,1562
3126,116.9,1563
3128,7.9,1564
3130,202.2,1565
3132,387.4,1566
3134,11.4,1567
3136,167.4,1568
3138,4.7,1569
3140,92,1570
3142,0.4,1571
3144,236,1572
3146,576.6,1573
3148,141.3,1574
3150,5,1575
3152,245,1576
3154,2.1,1577
3156,546.1,1578
3158,23.7,1579
3160,203.7,1580
3162,0.4,1581
3164,32.1,1582
3166,30.8,1583
3168,54.2,1584
3170,119.9,1585
3172,163,1586
3174,150.2,1587
3176,9,1588
3178,166.1,1589
3180,82.6,1590
3182,120.7,1591
3184,148.6,1592
3186,49.9,1593
3188,821.7,1594
3190,12.4,1595
3192,292.9,1596
3194,186.9,1597
3196,171,1598
3198,44.5,1599
3200,1.7,1600
3202,160,1601
3204,33.3,1602
3206,209.9,1603
3208,27.4,1604
3210,514.5,1605
3212,9.7,1606
3214,169.8,1607
3216,938.6,1608
3218,19.9,1609
3220,805,1610
3222,71.2,1611
3224,63.1,1612
3226,498.8,1613
3228,84.9,1614
3230,20.6,1615
3232,1.9,1616
3234,15.7,1617
3236,25.2,1618
3238,0.5,1619
3240,325.5,1620
3242,66.5,1621
3244,417.9,1622
3246,203.5,1623
3248,0.3,1624
3250,218.6,1625
3252,16.1,1626
3254,17.9,1627
3256,24.6,1628
3258,248.4,1629
3260,36.3,1630
3262,632.8,1631
3264,77.8,1632
3266,791.9,1633
3268,32,1634
3270,28.5,1635
3272,510,1636
3274,32.1,1637
3276,230.6,1638
3278,313.2,1639
3280,30.6,1640
3282,302.9,1641
3284,3,1642
3286,21.5,1643
3288,113.7,1644
3290,32.8,1645
3292,18.7,1646
3294,4.1,1647
3296,403.2,1648
3298,77.5,1649
3300,879.8,1650
3302,155.5,1651
3304,151.7,1652
3306,321.8,1653
3308,905.7,1654
3310,36.2,1655
3312,226.7,1656
3314,166.3,1657
3316,92.8,1658
3318,11.8,1659
3320,308.7,1660
3322,116.3,1661
3324,537.1,1662
3326,194.3,1663
3328,100.7,1664
3330,31.7,1665
3332,214.8,1666
3334,77.7,1667
3336,80.9,1668
3338,523.5,1669
3340,91.8,1670
3342,615.1,1671
3344,36.3,1672
3346,208.2,1673
3348,218.7,1674
3350,60.6,1675
3352,156.1,1676
3354,62.9,1677
3356,628.4,1678
3358,51,1679
3360,104.2,1680
3362,557.2,1681
3364,82.3,1682
3366,3.2,1683
3368,761.9,1684
3370,408,1685
3372,298.4,1686
3374,341.4,1687
3376,118.5,1688
3378,218.3,1689
3380,86.9,1690
3382,896.9,1691
3384,56.9,1692
3386,94.8,1693
3388,368.9,1694
3390,96.2,1695
3392,156.2,1696
3394,676.2,1697
3396,85.3,1698
3398,1.4,1699
3400,303.8,1700
3402,254.6,1701
3404,23.8,1702
3406,509.2,1703
3408,182.9,1704
3410,11.2,1705
3412,879.7,1706
3414,262.4,1707
3416,148.9,1708
3418,61.2,1709
3420,182.5,1710
3422,600.5,1711
3424,158.8,1712
3426,36.9,1713
3428,0.1,1714
3430,562.2,1715
3432,107.7,1716
3434,31.1,1717
3436,192.9,1718
3438,30.6,1719
3440,2.6,1720
3442,537.5,1721
3444,329.8,1722
3446,536.8,1723
3448,322.3,1724
3450,157.8,1725
3452,121.4,1726
3454,297,1727
3456,619.9,1728
3458,328.6,1729
3460,15.7,1730
3462,39.6,1731
3464,36.2,1732
3466,141,1733
3468,56.1,1734
3470,99,1735
3472,160.3,1736
3474,140,1737
3476,282.9,1738
3478,657.8,1739
3480,788.3,1740
3482,6.6,1741
3484,95.9,1742
3486,106.9,1743
3488,95,1744
3490,27.7,1745
3492,513.9,1746
3494,26.3,1747
3496,198.1,1748
3498,57.6,1749
3500,103.9,1750
3502,87.6,1751
3504,4.3,1752
3506,58,1753
3508,276.6,1754
3510,478.3,1755
3512,217.4,1756
3514,138.2,1757
3516,28.5,1758
3518,135.8,1759
3520,80.5,1760
3522,7.7,1761
3524,51.4,1762
3526,196.8,1763
3528,1,1764
3530,556.5,1765
3532,53.2,1766
3534,58.3,1767
3536,39.4,1768
3538,5.3,1769
3540,262.4,1770
3542,47.3,1771
3544,103.9,1772
3546,161.1,1773
3548,14.4,1774
3550,73.9,1775
3552,125.8,1776
3554,385.2,1777
3556,25.6,1778
3558,11.6,1779
3560,374.2,1780
3562,52.6,1781
3564,912.6,1782
3566,112.7,1783
3568,8.6,1784
3570,462.9,1785
3572,840.9,1786
3574,272,1787
3576,12,1788
3578,9.6,1789
3580,85.5,1790
3582,14.4,1791
3584,33.6,1792
3586,66.3,1793
3588,36,1794
3590,727.9,1795
3592,226,1796
3594,49.2,1797
3596,62.7,1798
3598,25.6,1799
3600,46.5,1800
3602,0.8,1801
3604,225.9,1802
3606,36.3,1803
3608,210.8,1804
3610,335.7,1805
3612,22.4,1806
3614,32.6,1807
3616,281.7,1808
3618,333.9,1809
3620,56,1810
3622,24,1811
3624,132.1,1812
3626,42.6,1813
3628,241.8,1814
3630,20.3,1815
3632,283,1816
3634,260,1817
3636,20,1818
3638,966,1819
3640,81.9,1820
3642,89.1,1821
3644,36.7,1822
3646,227.1,1823
3648,37.1,1824
3650,928.3,1825
3652,3.4,1826
3654,82.5,1827
3656,27,1828
3658,840.4,1829
3660,91.9,1830
3662,474.9,1831
3664,145.6,1832
3666,326.9,1833
3668,350.9,1834
3670,11.2,1835
3672,143.6,1836
3674,26.9,1837
3676,123.5,1838
3678,44.6,1839
3680,123.9,1840
3682,57.8,1841
3684,33.7,1842
3686,14.9,1843
3688,168.3,1844
3690,230.9,1845
3692,29.6,1846
3694,349.7,1847
3696,55.5,1848
3698,872.6,1849
3700,113.3,1850
3702,182.8,1851
3704,31.1,1852
3706,11.6,1853
3708,218.2,1854
3710,256.5,1855
3712,689.3,1856
3714,41.1,1857
3716,217.8,1858
3718,42.8,1859
3720,35.1,1860
3722,297.4,1861
3724,130.6,1862
3726,32.9,1863
3728,167.9,1864
3730,88.8,1865
3732,8,1866
3734,172.8,1867
3736,741.1,1868
3738,63.7,1869
3740,772.6,1870
3742,285.4,1871
3744,57.3,1872
3746,22.5,1873
3748,36,1874
3750,598.9,1875
3752,267.7,1876
3754,152.1,1877
3756,646.4,1878
3758,324.4,1879
3760,225.5,1880
3762,197.5,1881
3764,81.9,1882
3766,793.6,1883
3768,88.2,1884
3770,148.7,1885
3772,43.2,1886
3774,231.9,1887
3776,10.2,1888
3778,524.7,1889
3780,108,1890
3782,0.1,1891
3784,166.2,1892
3786,143.7,1893
3788,626.6,1894
3790,42.3,1895
3792,8.6,1896
3794,6.2,1897
3796,143.8,1898
3798,517.2,1899
3800,154.2,1900
3802,17.9,1901
3804,574.8,1902
3806,163,1903
3808,49,1904
3810,311,1905
3812,11.8,1906
3814,84.7,1907
3816,25.6,1908
3818,33.4,1909
3820,134.6,1910
3822,5.1,1911
3824,582.8,1912
3826,266.3,1913
3828,119.8,1914
3830,84.6,1915
3832,121.8,1916
3834,158.7,1917
3836,142.4,1918
3838,112,1919
3840,10,1920
3842,332.8,1921
3844,361.1,1922
3846,680.5,1923
3848,29.8,1924
3850,187.5,1925
3852,78.5,1926
3854,1.6,1927
3856,90.2,1928
3858,323,1929
3860,82.2,1930
3862,16.2,1931
3864,211.1,1932
3866,26.2,1933
3868,33.1,1934
3870,15,1935
3872,403.9,1936
3874,4.7,1937
3876,120.4,1938
3878,485.7,1939
3880,60.1,1940
3882,417.9,1941
3884,410.2,1942
3886,290.5,1943
3888,354,1944
3890,399.7,1945
3892,240.2,1946
3894,95.2,1947
3896,174.7,1948
3898,18.3,1949
3900,282.6,1950
3902,268,1951
3904,19.9,1952
3906,62.2,1953
3908,101.2,1954
3910,58.3,1955
3912,278.4,1956
3914,387.3,1957
3916,279.8,1958
3918,340.7,1959
3920,190.7,1960
3922,105.6,1961
3924,16.9,1962
3926,11.5,1963
3928,45.1,1964
3930,14.1,1965
3932,156.9,1966
3934,89.6,1967
3936,20.7,1968
3938,65,1969
3940,15.6,1970
3942,149.6,1971
3944,703.3,1972
3946,631.6,1973
3948,16,1974
3950,333.1,1975
3952,212.8,1976
3954,189,1977
3956,959.5,1978
3958,25.1,1979
3960,657.8,1980
3962,127.2,1981
3964,32.4,1982
3966,384.8,1983
3968,0.3,1984
3970,227.1,1985
3972,14.1,1986
3974,23.1,1987
3976,45.4,1988
3978,334.3,1989
3980,53.2,1990
3982,16.6,1991
3984,23.8,1992
3986,39.7,1993
3988,68.6,1994
3990,206.1,1995
3992,0.7,1996
3994,28,1997
3996,8.4,1998
3998,518.8,1999
4000,132.9,2000
4002,430.6,2001
4004,15.4,2002
4006,715.7,2003
4008,170.4,2004
4010,23.7,2005
4012,3,2006
4014,137.3,2007
4016,254.2,2008
4018,18.5,2009
4020,17,2010
4022,307.3,2011
4024,990.5,2012
4026,702.5,2013
4028,14.7,2014
4030,136.6,2015
4032,882,2016
4034,515.4,2017
4036,372.3,2018
4038,64.1,2019
4040,198.1,2020
4042,10.4,2021
4044,8.2,2022
4046,12.3,2023
4048,15.8,2024
4050,468.8,2025
4052,54.9,2026
4054,156.3,2027
4056,43.6,2028
4058,16.7,2029
4060,4,2030
4062,21.5,2031
4064,35.6,2032
4066,2.2,2033
4068,436.5,2034
4070,621.4,2035
4072,138.6,2036
4074,433.1,2037
4076,697.1,2038
4078,271.3,2039
4080,519.7,2040
4082,501.6,2041
4084,7.5,2042
4086,51,2043
4088,36,2044
4090,56.6,2045
4092,16.8,2046
4094,418.7,2047
4096,35.2,2048
4098,728.2,2049
4100,64.4,2050
4102,571.2,2051
4104,961,2052
4106,72.1,2053
4108,30,2054
4110,532.7,2055
4112,518.2,2056
4114,172.8,2057
4116,88.7,2058
4118,71,2059
4120,6.6,2060
4122,64.4,2061
4124,154,2062
4126,143.4,2063
4128,30.9,2064
4130,55.5,2065
4132,9.6,2066
4134,9.2,2067
4136,968.9,2068
4138,681.3,2069
4140,867,2070
4142,60.2,2071
4144,911.5,2072
4146,369.5,2073
4148,318.8,2074
4150,43,2075
4152,153.7,2076
4154,528.8,2077
4156,25,2078
4158,42.5,2079
4160,7,2080
4162,58.9,2081
4164,772.3,2082
4166,7.7,2083
4168,593.4,2084
4170,19.5,2085
4172,90.7,2086
4174,6.4,2087
4176,430.6,2088
4178,731.4,2089
4180,181.4,2090
4182,12.7,2091
4184,668.1,2092
4186,167.1,2093
4188,74.4,2094
4190,59.6,2095
4192,991.6,2096
4194,7.9,2097
4196,882.3,2098
4198,225.5,2099
4200,797.6,2100
4202,236,2101
4204,67.6,2102
4206,98,2103
4208,7.5,2104
4210,56.5,2105
4212,41,2106
4214,710.1,2107
4216,96,2108
4218,29.3,2109
4220,652.9,2110
4222,30.5,2111
4224,148.5,2112
4226,344.2,2113
4228,8.4,2114
4230,338.2,2115
4232,84.6,2116
4234,41.1,2117
4236,474.7,2118
4238,12.5,2119
4240,54.2,2120
4242,433.9,2121
4244,88.9,2122
4246,308.7,2123
4248,683,2124
4250,23.6,2125
4252,51.6,2126
4254,159.7,2127
4256,971.1,2128
4258,31.9,2129
4260,12.8,2130
4262,181,2131
4264,82.8,2132
4266,564.2,2133
4268,37.8,2134
4270,554,2135
4272,193.2,2136
4274,527.7,2137
4276,58.3,2138
4278,3.1,2139
4280,11.9,2140
4282,239.9,2141
4284,4,2142
4286,150.4,2143
4288,641.1,2144
4290,16.7,2145
4292,8.5,2146
4294,0.8,2147
4296,15,2148
4298,20.7,2149
4300,109.5,2150
4302,34.6,2151
4304,0.1,2152
4306,215.2,2153
4308,3.1,2154
4310,2.6,2155
4312,33.5,2156
4314,328.6,2157
4316,31,2158
4318,750.5,2159
4320,221,2160
4322,625.3,2161
4324,214.9,2162
4326,20.7,2163
4328,100.7,2164
4330,20.2,2165
4332,94.5,2166
4334,132,2167
4336,41.2,2168
4338,653,2169
4340,29.4,2170
4342,5.8,2171
4344,24.6,2172
4346,237.6,2173
4348,547.7,2174
4350,99.5,2175
4352,109.4,2176
4354,75.2,2177
4356,750.9,2178
4358,387,2179
4360,144.2,2180
4362,31.6,2181
4364,78.2,2182
4366,221.9,2183
4368,965.6,2184
4370,201.2,2185
4372,611.7,2186
4374,89.9,2187
4376,978.5,2188
4378,137,2189
4380,398.3,2190
4382,102,2191
4384,112.9,2192
4386,177.9,2193
4388,385.6,2194
4390,123.1,2195
4392,69.5,2196
4394,290,2197
4396,20.4,2198
4398,92.9,2199
4400,19.6,2200
4402,49.3,2201
4404,11.8,2202
4406,26,2203
4408,65.2,2204
4410,71,2205
4412,488.1,2206
4414,64.5,2207
4416,91.4,2208
4418,16.7,2209
4420,6.3,2210
4422,48.9,2211
4424,22.3,2212
4426,637.4,2213
4428,47.7,2214
4430,2.3,2215
4432,8,2216
4434,12,2217
4436,14.1,2218
4438,25.8,2219
4440,28.8,2220
4442,37.5,2221
4444,10.7,2222
4446,9,2223
4448,400.8,2224
4450,20.7,2225
4452,5.6,2226
4454,31.5,2227
4456,12.3,2228
4458,95.2,2229
4460,7.8,2230
4462,758.5,2231
4464,203.7,2232
4466,55,2233
4468,129.5,2234
4470,4.5,2235
4472,58.6,2236
4474,195.7,2237
4476,539.5,2238
4478,25.7,2239
4480,56.1,2240
4482,89.6,2241
4484,443.2,2242
4486,219.8,2243
4488,355.8,2244
4490,168.8,2245
4492,49.4,2246
4494,4.4,2247
4496,63.1,2248
4498,261.8,2249
4500,105.3,2250
4502,536.4,2251
4504,122.7,2252
4506,9.1,2253
4508,211.4,2254
4510,77.1,2255
4512,906.1,2256
4514,271.9,2257
4516,270.3,2258
4518,647.5,2259
4520,146.4,2260
4522,61.5,2261
4524,7.1,2262
4526,7,2263
4528,399,2264
4530,23.8,2265
4532,397,2266
4534,275.1,2267
4536,790.6,2268
4538,252.6,2269
4540,318.5,2270
4542,17.9,2271
4544,471.9,2272
4546,73.8,2273
4548,20.5,2274
4550,20.9,2275
4552,518.2,2276
4554,487.4,2277
4556,636.5,2278
4558,38.2,2279
4560,51.4,2280
4562,538.6,2281
4564,121.3,2282
4566,214.8,2283
4568,492.4,2284
4570,8.8,2285
4572,606.5,2286
4574,34.7,2287
4576,3.5,2288
4578,456.3,2289
4580,556.6,2290
4582,395.6,2291
4584,104.2,2292
4586,226.3,2293
4588,111,2294
4590,608.7,2295
4592,6.4,2296
4594,10.6,2297
4596,82.4,2298
4598,872.4,2299
4600,14.6,2300
4602,499.3,2301
4604,52.5,2302
4606,136.1,2303
4608,28.9,2304
4610,1.7,2305
4612,37.1,2306
4614,25.9,2307
4616,332.9,2308
4618,162.3,2309
4620,269.1,2310
4622,113.1,2311
4624,58.6,2312
4626,628,2313
4628,91.7,2314
4630,465.1,2315
4632,29.2,2316
4634,417.1,2317
4636,343.5,2318
4638,54,2319
4640,599.7,2320
4642,189.5,2321
4644,5.7,2322
4646,848.5,2323
4648,958.4,2324
4650,332.7,2325
4652,6.3,2326
4654,59.9,2327
4656,33,2328
4658,11.7,2329
4660,248.5,2330
4662,183.8,2331
4664,98.8,2332
4666,5.3,2333
4668,86.2,2334
4670,326.7,2335
4672,54,2336
4674,742.7,2337
4676,27.2,2338
4678,164.8,2339
4680,188.4,2340
4682,315.3,2341
4684,116.6,2342
4686,207.6,2343
4688,220.1,2344
4690,1.5,2345
4692,30.2,2346
4694,24.6,2347
4696,186.4,2348
4698,224.2,2349
4700,306.6,2350
4702,94.9,2351
4704,88.8,2352
4706,65.7,2353
4708,142.5,2354
4710,146.8,2355
4712,0.5,2356
4714,154.5,2357
4716,6.7,2358
4718,45.3,2359
4720,93.6,2360
4722,752,2361
4724,441.7,2362
4726,230.1,2363
4728,30,2364
4730,45.3,2365
4732,186.3,2366
4734,403.9,2367
4736,399.2,2368
4738,219.2,2369
4740,10.3,2370
4742,17.2,2371
4744,199.7,2372
4746,401,2373
4748,72.9,2374
4750,787.2,2375
4752,24.1,2376
4754,59.6,2377
4756,1.8,2378
4758,85.8,2379
4760,50.1,2380
4762,187,2381
4764,16.9,2382
4766,270,2383
4768,352.1,2384
4770,12.5,2385
4772,11.8,2386
4774,704.5,2387
4776,36.6,2388
4778,552.6,2389
4780,17.2,2390
4782,970,2391
4784,122.9,2392
4786,35,2393
4788,4.6,2394
4790,48.2,2395
4792,76.9,2396
4794,11.6,2397
4796,28.2,2398
4798,28.9,2399
4800,68.8,2400
4802,459.3,2401
4804,130.7,2402
4806,149.4,2403
4808,22.9,2404
4810,58.6,2405
4812,181.6,2406
4814,198.5,2407
4816,94.4,2408
4818,44.7,2409
4820,345.2,2410
4822,162,2411
4824,32.8,2412
4826,102.4,2413
4828,13.8,2414
4830,414.7,2415
4832,343.7,2416
4834,342.5,2417
4836,426.4,2418
4838,50.3,2419
4840,245.7,2420
4842,524.2,2421
4844,20.5,2422
4846,59.6,2423
4848,61.9,2424
4850,37.9,2425
4852,99.9,2426
4854,138.2,2427
4856,13.1,2428
4858,58.8,2429
4860,530,2430
4862,94.6,2431
4864,66.7,2432
4866,22,2433
4868,57.4,2434
4870,0.3,2435
4872,179.6,2436
4874,712.1,2437
4876,377,2438
4878,872.4,2439
4880,134,2440
4882,339.1,2441
4884,173.9,2442
4886,96.9,2443
4888,73.8,2444
4890,839.1,2445
4892,2.5,2446
4894,123.4,2447
4896,74.6,2448
4898,597.5,2449
4900,366.8,2450
4902,839.4,2451
4904,49.7,2452
4906,236.2,2453
4908,14.3,2454
4910,33.9,2455
4912,320.4,2456
4914,88.6,2457
4916,368,2458
4918,192.3,2459
4920,23.3,2460
4922,47.6,2461
4924,6.1,2462
4926,300,2463
4928,65.3,2464
4930,88.2,2465
4932,104.3,2466
4934,1.6,2467
4936,30.7,2468
4938,5.1,2469
4940,48,2470
4942,44.7,2471
4944,787.3,2472
4946,12.9,2473
4948,21.5,2474
4950,21.9,2475
4952,148.1,2476
4954,743.8,2477
4956,14.4,2478
4958,1.3,2479
4960,31.5,2480
4962,39.4,2481
4964,22.9,2482
4966,518.4,2483
4968,152.3,2484
4970,10.9,2485
4972,12.6,2486
4974,392.2,2487
4976,13.7,2488
4978,7.8,2489
4980,26.6,2490
4982,838.8,2491
4984,349.8,2492
4986,28.6,2493
4988,52.8,2494
4990,39.4,2495
4992,191.5,2496
4994,0.2,2497
4996,33.3,2498
4998,76.6,2499
5000,47.7,2500
5002,89.2,2501
5004,96,2502
5006,56.3,2503
5008,29.8,2504
5010,108.6,2505
5012,207.2,2506
5014,218.9,2507
5016,114.3,2508
5018,19.8,2509
5020,2.7,2510
5022,227.7,2511
5024,487,2512
5026,12.3,2513
5028,712.2,2514
5030,55.6,2515
5032,607.5,2516
5034,28.5,2517
5036,136.8,2518
5038,186,2519
5040,76.6,2520
5042,3.7,2521
5044,232.6,2522
5046,470.1,2523
5048,384.9,2524
5050,351.8,2525
5052,251.2,2526
5054,177.6,2527
5056,36.1,2528
5058,42.3,2529
5060,77.9,2530
5062,577.9,2531
5064,8.8,2532
5066,233.5,2533
5068,222.7,2534
5070,120.7,2535
5072,89.2,2536
5074,271.6,2537
5076,71.8,2538
5078,232.4,2539
5080,15.6,2540
5082,367.4,2541
5084,635.5,2542
5086,711.4,2543
5088,26.2,2544
5090,537.6,2545
5092,46.7,2546
5094,0.4,2547
5096,16.6,2548
5098,25.5,2549
5100,67.7,2550
5102,41,2551
5104,14.3,2552
5106,91.5,2553
5108,290.3,2554
5110,93.7,2555
5112,17.2,2556
5114,147.2,2557
5116,2.1,2558
5118,186.7,2559
5120,1.4,2560
5122,35.2,2561
5124,148.5,2562
5126,123.3,2563
5128,234.2,2564
5130,364.1,2565
5132,67.1,2566
5134,129.4,2567
5136,102.6,2568
5138,664.8,2569
5140,245.7,2570
5142,141.8,2571
5144,9.5,2572
5146,366.8,2573
5148,26.6,2574
5150,214.7,2575
5152,90.9,2576
5154,6.2,2577
5156,201.5,2578
5158,121.7,2579
5160,58.1,2580
5162,131.5,2581
5164,96.4,2582
5166,5.4,2583
5168,529.2,2584
5170,119.9,2585
5172,61.3,2586
5174,60.4,2587
5176,25.2,2588
5178,39.2,2589
5180,133.9,2590
5182,98.3,2591
5184,75.2,2592
5186,81,2593
5188,51.1,2594
5190,67.3,2595
5192,2.4,2596
5194,15,2597
5196,438,2598
5198,1.4,2599
5200,231.3,2600
5202,97.3,2601
5204,49.9,2602
5206,63.8,2603
5208,194.1,2604
5210,923.4,2605
5212,638,2606
5214,495.7,2607
5216,373.3,2608
5218,276.3,2609
5220,8.8,2610
5222,409.2,2611
5224,772,2612
5226,15.4,2613
5228,26.4,2614
5230,43.5,2615
5232,94.1,2616
5234,694.1,2617
5236,96.2,2618
5238,48.4,2619
5240,633.6,2620
5242,264.4,2621
5244,61.1,2622
5246,42.4,2623
5248,216.4,2624
5250,59.1,2625
5252,18.5,2626
5254,15.4,2627
5256,381.5,2628
5258,71.9,2629
5260,23.3,2630
5262,40.9,2631
5264,1.3,2632
5266,0.2,2633
5268,972.6,2634
5270,3.5,2635
5272,193.2,2636
5274,9.8,2637
5276,24.5,2638
5278,205.6,2639
5280,195.8,2640
5282,240.4,2641
5284,783.2,2642
5286,43.7,2643
5288,33.3,2644
5290,136,2645
5292,360.5,2646
5294,38.3,2647
5296,113.2,2648
5298,29,2649
5300,302.3,2650
5302,60.5,2651
5304,161.6,2652
5306,0.7,2653
5308,280.2,2654
5310,732.3,2655
5312,8.9,2656
5314,104.7,2657
5316,92.2,2658
5318,8.2,2659
5320,159.2,2660
5322,110.5,2661
5324,58.8,2662
5326,87.1,2663
5328,215.2,2664
5330,6.8,2665
5332,10,2666
5334,972.1,2667
5336,793.3,2668
5338,0.5,2669
5340,43.2,2670
5342,256.1,2671
5344,771.7,2672
5346,75.1,2673
5348,405.9,2674
5350,114.4,2675
5352,191.7,2676
5354,93.6,2677
5356,151.9,2678
5358,75,2679
5360,637.9,2680
5362,3.8,2681
5364,22.4,2682
5366,44.3,2683
5368,26.5,2684
5370,75.4,2685
5372,16.4,2686
5374,0.9,2687
5376,58.5,2688
5378,32.6,2689
5380,190,2690
5382,324.6,2691
5384,61.8,2692
5386,7.3,2693
5388,141.9,2694
5390,24.6,2695
5392,214.5,2696
5394,3.3,2697
5396,5.6,2698
5398,95.3,2699
5400,265.4,2700
5402,290.6,2701
5404,336.8,2702
5406,136.3,2703
5408,36.2,2704
5410,234.2,2705
5412,160,2706
5414,13.5,2707
5416,45.2,2708
5418,76.5,2709
5420,39.2,2710
5422,835.3,2711
5424,24.9,2712
5426,60.8,2713
5428,153.6,2714
5430,198.7,2715
5432,508.3,2716
5434,115.3,2717
5436,40.2,2718
5438,43.8,2719
5440,1.1,2720
5442,109.3,2721
5444,1.6,2722
5446,34.2,2723
5448,146,2724
5450,275.8,2725
5452,12.9,2726
5454,21.4,2727
5456,1.9,2728
5458,105.4,2729
5460,13.8,2730
5462,33.8,2731
5464,716.6,2732
5466,166.6,2733
5468,533.6,2734
5470,164.2,2735
5472,11.5,2736
5474,120.5,2737
5476,75.8,2738
5478,801.1,2739
5480,449.6,2740
5482,980.8,2741
5484,45.8,2742
5486,43.5,2743
5488,0.4,2744
5490,36.2,2745
5492,144.9,2746
5494,128.3,2747
5496,49.6,2748
5498,128.9,2749
5500,548.8,2750
5502,124,2751
5504,182,2752
5506,104.1,2753
5508,142.6,2754
5510,200.6,2755
5512,407.1,2756
5514,31.2,2757
5516,207.5,2758
5518,273.4,2759
5520,131.8,2760
5522,685,2761
5524,122.5,2762
5526,279.8,2763
5528,42.5,2764
5530,8.9,2765
5532,44.1,2766
5534,124.9,2767
5536,140.2,2768
5538,18,2769
5540,85.4,2770
5542,271.1,2771
5544,119.7,2772
5546,82.9,2773
5548,143.5,2774
5550,161.6,2775
5552,20.1,2776
5554,631.7,2777
5556,154.1,2778
5558,58.2,2779
5560,33.1,2780
5562,88.3,2781
5564,43.9,2782
5566,22.5,2783
5568,19.1,2784
5570,17.4,2785
5572,53.8,2786
5574,36.8,2787
5576,4,2788
5578,12.7,2789
5580,29.8,2790
5582,992,2791
5584,20.1,2792
5586,543.5,2793
5588,109.9,2794
5590,936.3,2795
5592,21.4,2796
5594,173,2797
5596,19.8,2798
5598,22.6,2799
5600,4.1,2800
5602,605.6,2801
5604,85.4,2802
5606,4.4,2803
5608,410.6,2804
5610,649.1,2805
5612,5.3,2806
5614,429.5,2807
5616,484.5,2808
5618,180.2,2809
5620,6.1,2810
5622,140.4,2811
5624,161.1,2812
5626,564.1,2813
5628,293.9,2814
5630,167.2,2815
5632,321.5,2816
5634,76.5,2817
5636,47.9,2818
5638,450.9,2819
5640,7.1,2820
5642,90.7,2821
5644,273.8,2822
5646,445.1,2823
5648,124.4,2824
5650,112.4,2825
5652,12.3,2826
5654,29.1,2827
5656,287.1,2828
5658,432,2829
5660,400.9,2830
5662,726,2831
5664,0.4,2832
5666,25,2833
5668,23.3,2834
5670,86.9,2835
5672,13.1,2836
5674,146.2,2837
5676,214.2,2838
5678,70.4,2839
5680,0.8,2840
5682,749.1,2841
5684,354.4,2842
5686,0.8,2843
5688,731.6,2844
5690,818.1,2845
5692,66.4,2846
5694,707.6,2847
5696,264.7,2848
5698,58.6,2849
5700,26.9,2850
5702,56.3,2851
5704,359.8,2852
5706,47.2,2853
5708,39.1,2854
5710,206.7,2855
5712,21.6,2856
5714,402.5,2857
5716,367.6,2858
5718,15.5,2859
5720,348.6,2860
5722,430.8,2861
5724,318.7,2862
5726,3.2,2863
5728,23.9,2864
5730,75.1,2865
5732,4.2,2866
5734,293.2,2867
5736,187.2,2868
5738,10.7,2869
5740,14.2,2870
5742,140.7,2871
5744,95,2872
5746,266,2873
5748,480.6,2874
5750,81.9,2875
5752,844.8,2876
5754,74.4,2877
5756,688.8,2878
5758,839.4,2879
5760,364.1,2880
5762,201.7,2881
5764,16.3,2882
5766,383.3,2883
5768,30,2884
5770,31.2,2885
5772,106.4,2886
5774,206.6,2887
5776,70.6,2888
5778,672.4,2889
5780,0.3,2890
5782,313.7,2891
5784,287.7,2892
5786,85,2893
5788,6.1,2894
5790,367.3,2895
5792,242.8,2896
5794,685,2897
5796,397.5,2898
5798,32.9,2899
5800,148.9,2900
5802,102,2901
5804,64.1,2902
5806,197.8,2903
5808,128.3,2904
5810,6.2,2905
5812,0.7,2906
5814,8.1,2907
5816,95.1,2908
5818,42.4,2909
5820,164.7,2910
5822,59.7,2911
5824,10.1,2912
5826,24.2,2913
5828,14.7,2914
5830,78.9,2915
5832,508.5,2916
5834,971.9,2917
5836,239.8,2918
5838,231.9,2919
5840,533.7,2920
5842,42,2921
5844,673.8,2922
5846,342.2,2923
5848,225.1,2924
5850,107,2925
5852,48.6,2926
5854,718,2927
5856,468.4,2928
5858,482.5,2929
5860,153.9,2930
5862,93.4,2931
5864,73.1,2932
5866,4.7,2933
5868,182.2,2934
5870,9.2,2935
5872,16.9,2936
5874,408.3,2937
5876,30.5,2938
5878,38.7,2939
5880,47.3,2940
5882,125.6,2941
5884,50.9,2942
5886,34.2,2943
5888,196.3,2944
5890,195.2,2945
5892,16.3,2946
5894,38.5,2947
5896,9.3,2948
5898,52.2,2949
5900,11.1,2950
5902,24.9,2951
5904,315.7,2952
5906,254.2,2953
5908,0.5,2954
5910,7.9,2955
5912,15.3,2956
5914,572.5,2957
5916,92,2958
5918,25.6,2959
5920,314.8,2960
5922,72.6,2961
5924,7.1,2962
5926,182.9,2963
5928,84,2964
5930,86.9,2965
5932,159.7,2966
5934,15.2,2967
5936,33.1,2968
5938,672.2,2969
5940,182,2970
5942,2.6,2971
5944,11.7,2972
5946,88.6,2973
5948,229.6,2974
5950,33,2975
5952,6.8,2976
5954,103.2,2977
5956,1.7,2978
5958,575.4,2979
5960,586.7,2980
5962,49.5,2981
5964,216.1,2982
5966,606.4,2983
5968,87.6,2984
5970,118,2985
5972,9.6,2986
5974,382.8,2987
5976,4,2988
5978,1.8,2989
5980,97.9,2990
5982,50.6,2991
5984,16.9,2992
5986,26.3,2993
5988,84.6,2994
5990,419.3,2995
5992,514.1,2996
5994,125.7,2997
5996,187.5,2998
5998,42.9,2999
6000,130.5,3000
6002,618.8,3001
6004,461.5,3002
6006,72.7,3003
6008,248.7,3004
6010,780.5,3005
6012,492.1,3006
6014,63.7,3007
6016,35.2,3008
6018,47.6,3009
6020,18.8,3010
6022,353.4,3011
6024,51.2,3012
6026,28.7,3013
6028,50.7,3014
6030,36.4,3015
6032,4.7,3016
6034,14.5,3017
6036,365.3,3018
6038,47.4,3019
6040,141.1,3020
6042,73.8,3021
6044,23.6,3022
6046,20.8,3023
6048,338,3024
6050,117.1,3025
6052,112.1,3026
6054,16.9,3027
6056,329,3028
6058,13.4,3029
6060,191.8,3030
6062,31,3031
6064,484.1,3032
6066,458.8,3033
6068,74.6,3034
6070,598.6,3035
6072,5.5,3036
6074,406.5,3037
6076,29,3038
6078,1.1,3039
6080,175.5,3040
6082,12.3,3041
6084,258.8,3042
6086,163.9,3043
6088,191.2,3044
6090,43.9,3045
6092,43.6,3046
6094,159,3047
6096,110,3048
6098,305.3,3049
6100,467.3,3050
6102,576.8,3051
6104,18.5,3052
6106,81.8,3053
6108,237.9,3054
6110,195.6,3055
6112,85.8,3056
6114,263.2,3057
6116,169.5,3058
6118,222.6,3059
6120,226.4,3060
6122,122,3061
6124,489.1,3062
6126,0.9,3063
6128,906.9,3064
6130,433.2,3065
6132,9.2,3066
6134,12.5,3067
6136,49.6,3068
6138,61.7,3069
6140,27.9,3070
6142,93.5,3071
6144,59.2,3072
6146,41.8,3073
6148,134.8,3074
6150,43.2,3075
6152,31.6,3076
6154,228,3077
6156,573,3078
6158,82.8,3079
6160,29.2,3080
6162,103.2,3081
6164,627.4,3082
6166,18.3,3083
6168,37.3,3084
6170,19.9,3085
6172,4.3,3086
6174,130.5,3087
6176,11.1,3088
6178,33.1,3089
6180,19.5,3090
6182,0.4,3091
6184,35.7,3092
6186,15.6,3093
6188,291.4,3094
6190,46.8,3095
6192,19.3,3096
6194,2.4,3097
6196,85.7,3098
6198,436.5,3099
6200,916.7,3100
6202,89.8,3101
6204,17.3,3102
6206,43.5,3103
6208,17.8,3104
6210,118.8,3105
6212,150.6,3106
6214,0.5,3107
6216,593.9,3108
6218,7.6,3109
6220,66.5,3110
6222,785,3111
6224,22.2,3112
6226,102,3113
6228,207.5,3114
6230,92.4,3115
6232,5.5,3116
6234,11.7,3117
6236,0.4,3118
6238,334.7,3119
6240,104.2,3120
6242,1.3,3121
6244,25.8,3122
6246,29.7,3123
6248,321.8,3124
6250,8.4,3125
6252,33.7,3126
6254,50.3,3127
6256,3.9,3128
6258,29.2,3129
6260,981.4,3130
6262,548.9,3131
6264,415.7,3132
6266,51.9,3133
6268,5.2,3134
6270,31.2,3135
6272,87.5,3136
6274,126.7,3137
6276,484.8,3138
6278,203.7,3139
6280,10.1,3140
6282,178.6,3141
6284,699.1,3142
6286,38.1,3143
6288,917.2,3144
6290,28.5,3145
6292,62,3146
6294,328.5,3147
6296,52.8,3148
6298,104.1,3149
6300,287.3,3150
6302,217.5,3151
6304,3.5,3152
6306,100.5,3153
6308,412.5,3154
6310,335.1,3155
6312,251.2,3156
6314,18.5,3157
6316,37.8,3158
6318,167.8,3159
6320,196.7,3160
6322,91.7,3161
6324,122.2,3162
6326,438.7,3163
6328,188.1,3164
6330,36.1,3165
6332,880.1,3166
6334,283.8,3167
6336,126.4,3168
6338,0.9,3169
6340,61.5,3170
6342,1.2,3171
6344,115.9,3172
6346,707.8,3173
6348,4.6,3174
6350,55.7,3175
6352,12.5,3176
6354,831,3177
6356,9.4,3178
6358,0.1,3179
6360,148,3180
6362,25.1,3181
6364,130.5,3182
6366,7.3,3183
6368,481.4,3184
6370,113.4,3185
6372,12,3186
6374,26.2,3187
6376,265.5,3188
6378,8.4,3189
6380,4.3,3190
6382,146,3191
6384,228.2,3192
6386,80.7,3193
6388,29.7,3194
6390,36.9,3195
6392,25.7,3196
6394,154,3197
6396,737.7,3198
6398,32.3,3199
6400,30,3200
6402,6.4,3201
6404,7.1,3202
6406,100.9,3203
6408,379.2,3204
6410,203.4,3205
6412,168.5,3206
6414,77.5,3207
6416,17.3,3208
6418,75,3209
6420,106.9,3210
6422,57.3,3211
6424,73.4,3212
6426,98,3213
6428,95.2,3214
6430,43.6,3215
6432,892.5,3216
6434,995.6,3217
6436,552.4,3218
6438,571.1,3219
6440,382.4,3220
6442,160.2,3221
6444,194.9,3222
6446,25.4,3223
6448,263.8,3224
6450,54.7,3225
6452,8,3226
6454,29.5,3227
6456,47.7,3228
6458,82,3229
6460,290.2,3230
6462,134.5,3231
6464,15.7,3232
6466,80.3,3233
6468,606.8,3234
6470,98.5,3235
6472,25.6,3236
6474,295.9,3237
6476,81.2,3238
6478,116.4,3239
6480,101.2,3240
6482,273.8,3241
6484,33.3,3242
6486,41.6,3243
6488,63.8,3244
6490,13,3245
6492,107.7,3246
6494,767.1,3247
6496,116.8,3248
6498,82.6,3249
6500,52.6,3250
6502,653.6,3251
6504,81.5,3252
6506,903.2,3253
6508,153.2,3254
6510,183.5,3255
6512,235.8,3256
6514,567.3,3257
6516,172.8,3258
6518,128.3,3259
6520,495.7,3260
6522,4.4,3261
6524,87.3,3262
6526,27.7,3263
6528,4.6,3264
6530,299.6,3265
6532,531.2,3266
6534,56.3,3267
6536,93.4,3268
6538,57.3,3269
6540,20.5,3270
6542,50.1,3271
6544,95.6,3272
6546,161,3273
6548,10.7,3274
6550,9.2,3275
6552,96,3276
6554,288.9,3277
6556,13.4,3278
6558,455.3,3279
6560,215.6,3280
6562,89.8,3281
6564,72.7,3282
6566,21,3283
6568,7.2,3284
6570,50.9,3285
6572,386.1,3286
6574,40.5,3287
6576,42.2,3288
6578,16.6,3289
6580,4.6,3290
6582,57.9,3291
6584,49.9,3292
6586,91.1,3293
6588,40.6,3294
6590,43.3,3295
6592,19.7,3296
6594,139.1,3297
6596,100.7,3298
6598,948.2,3299
6600,22,3300
6602,2.8,3301
6604,196.1,3302
6606,117.7,3303
6608,111.8,3304
6610,3.9,3305
6612,2.8,3306
6614,32.5,3307
6616,2.8,3308
6618,21.9,3309
6620,315,3310
6622,53,3311
6624,35.4,3312
6626,26.3,3313
6628,296.6,3314
6630,31.1,3315
6632,12.7,3316
6634,664.4,3317
6636,8.7,3318
6638,1.9,3319
6640,97.4,3320
6642,68.7,3321
6644,151.3,3322
6646,212.9,3323
6648,19.3,3324
6650,108.9,3325
6652,11.8,3326
6654,91.5,3327
6656,615.3,3328
6658,100.3,3329
6660,320.6,3330
6662,531.3,3331
6664,3.6,3332
6666,196.1,3333
6668,60.7,3334
6670,136.9,3335
6672,1.5,3336
6674,411.9,3337
6676,133.6,3338
6678,2,3339
6680,497.9,3340
6682,115.5,3341
6684,494.5,3342
6686,69,3343
6688,532.7,3344
6690,147.8,3345
6692,205,3346
6694,29.1,3347
6696,744.4,3348
6698,182.3,3349
6700,26.6,3350
6702,790,3351
6704,613.3,3352
6706,110.1,3353
6708,186.7,3354
6710,9.7,3355
6712,39.4,3356
6714,260.4,3357
6716,5.3,3358
6718,12.3,3359
6720,5.3,3360
6722,29.9,3361
6724,62.2,3362
6726,57.3,3363
6728,51.2,3364
6730,66,3365
6732,36.6,3366
6734,54.2,3367
6736,56.2,3368
6738,125.9,3369
6740,48.6,3370
6742,144.6,3371
6744,177.8,3372
6746,26.3,3373
6748,58.1,3374
6750,55.4,3375
6752,135.5,3376
6754,59,3377
6756,33.9,3378
6758,109.2,3379
6760,6.5,3380
6762,38.4,3381
6764,2.5,3382
6766,48.6,3383
6768,36.1,3384
6770,257.6,3385
6772,251.3,3386
6774,962,3387
6776,47.6,3388
6778,246.8,3389
6780,26.5,3390
6782,88,3391
6784,156.3,3392
6786,9.7,3393
6788,88.9,3394
6790,71.5,3395
6792,201.1,3396
6794,56.4,3397
6796,82.1,3398
6798,616.4,3399
6800,66.9,3400
6802,276.7,3401
6804,69.4,3402
6806,25.4,3403
6808,253.4,3404
6810,83,3405
6812,22.9,3406
6814,450.7,3407
6816,13,3408
6818,458.1,3409
6820,597.2,3410
6822,166.8,3411
6824,872.8,3412
6826,125,3413
6828,98.7,3414
6830,163.1,3415
6832,296.1,3416
6834,19.6,3417
6836,54.8,3418
6838,116.3,3419
6840,13.7,3420
6842,52.3,3421
6844,346.1,3422
6846,362.6,3423
6848,342.2,3424
6850,332,3425
6852,233.3,3426
6854,187.3,3427
6856,103.1,3428
6858,112.8,3429
6860,18.6,3430
6862,12.9,3431
6864,354.1,3432
6866,3.3,3433
6868,22.8,3434
6870,306.1,3435
6872,188.2,3436
6874,457.1,3437
6876,554.9,3438
6878,137,3439
6880,33.5,3440
6882,111,3441
6884,63.5,3442
6886,16.6,3443
6888,195.5,3444
6890,104.4,3445
6892,517.2,3446
6894,771.8,3447
6896,153.2,3448
6898,145.4,3449
6900,230,3450
6902,126.1,3451
6904,65.3,3452
6906,66.6,3453
6908,20,3454
6910,5.2,3455
6912,5.9,3456
6914,232.9,3457
6916,245,3458
6918,472.4,3459
6920,8.2,3460
6922,54.1,3461
6924,372.5,3462
6926,489.9,3463
6928,2.8,3464
6930,107,3465
6932,142.6,3466
6934,86.8,3467
6936,237.9,3468
6938,104.3,3469
6940,908.6,3470
6942,84.7,3471
6944,121.2,3472
6946,556,3473
6948,420.1,3474
6950,51.5,3475
6952,498.1,3476
6954,744.3,3477
6956,596.6,3478
6958,395.1,3479
6960,205.2,3480
6962,17.6,3481
6964,27.7,3482
6966,16.3,3483
6968,415.9,3484
6970,19.2,3485
6972,301.3,3486
6974,168.1,3487
6976,861.4,3488
6978,62.6,3489
6980,655,3490
6982,1.7,3491
6984,509.6,3492
6986,313,3493
6988,203.1,3494
6990,324,3495
6992,406.8,3496
6994,263.6,3497
6996,236.5,3498
6998,19.1,3499
7000,90.5,3500
7002,66.9,3501
7004,12.8,3502
7006,22,3503
7008,657.4,3504
7010,0.8,3505
7012,74.6,3506
7014,61.3,3507
7016,30.4,3508
7018,48,3509
7020,70.4,3510
7022,25.1,3511
7024,122.1,3512
7026,145.2,3513
7028,132,3514
7030,25.9,3515
7032,23.1,3516
7034,330.9,3517
7036,335,3518
7038,16.2,3519
7040,17,3520
7042,7.5,3521
7044,11.5,3522
7046,359.4,3523
7048,35.5,3524
7050,725.6,3525
7052,781,3526
7054,38.7,3527
7056,57.5,3528
7058,27,3529
7060,52,3530
7062,254.4,3531
7064,428.7,3532
7066,274.3,3533
7068,12.8,3534
7070,332.2,3535
7072,243.4,3536
7074,120.8,3537
7076,926.7,3538
7078,30,3539
7080,745.3,3540
7082,312.9,3541
7084,399.7,3542
7086,308.6,3543
7088,177.5,3544
7090,40.6,3545
7092,36.3,3546
7094,12.6,3547
7096,286.1,3548
7098,311.8,3549
7100,30.8,3550
7102,7.2,3551
7104,473.4,3552
7106,292.4,3553
7108,19.7,3554
7110,10.1,3555
7112,43.5,3556
7114,71.7,3557
7116,480.9,3558
7118,350.8,3559
7120,14.5,3560
7122,13.2,3561
7124,286.7,3562
7126,5.6,3563
7128,981.7,3564
7130,706.5,3565
7132,84.8,3566
7134,583.3,3567
7136,30.3,3568
7138,6.5,3569
7140,502.5,3570
7142,8.3,3571
7144,26.5,3572
7146,7.7,3573
7148,52.6,3574
7150,179.4,3575
7152,170.4,3576
7154,168.9,3577
7156,86.7,3578
7158,35.7,3579
7160,354.8,3580
7162,57.4,3581
7164,248.9,3582
7166,534.6,3583
7168,78.4,3584
7170,219.3,3585
7172,226.6,3586
7174,151.8,3587
7176,668.6,3588
7178,64.4,3589
7180,45.1,3590
7182,194.9,3591
7184,56.9,3592
7186,259.8,3593
7188,375.9,3594
7190,53.8,3595
7192,173.3,3596
7194,41.9,3597
7196,101.1,3598
7198,31.2,3599
7200,217,3600
7202,45,3601
7204,172.9,3602
7206,510.1,3603
7208,89.4,3604
7210,132.5,3605
7212,490.9,3606
7214,357.1,3607
7216,67.8,3608
7218,84.6,3609
7220,563,3610
7222,35.1,3611
7224,152.7,3612
7226,77,3613
7228,260.6,3614
7230,543,3615
7232,50.5,3616
7234,685.4,3617
7236,80.6,3618
7238,444.3,3619
7240,934.4,3620
7242,11.9,3621
7244,30.1,3622
7246,23.2,3623
7248,28,3624
7250,58.2,3625
7252,486.6,3626
7254,941.5,3627
7256,982.1,3628
7258,21.3,3629
7260,2.1,3630
7262,7.1,3631
7264,193.3,3632
7266,5.9,3633
7268,202.1,3634
7270,343.5,3635
7272,61,3636
7274,84.6,3637
7276,31.8,3638
7278,5.3,3639
7280,55,3640
7282,5.9,3641
7284,64.1,3642
7286,141,3643
7288,43.2,3644
7290,181.9,3645
7292,78.8,3646
7294,102.6,3647
7296,60.7,3648
7298,558,3649
7300,191.7,3650
7302,42,3651
7304,176.9,3652
7306,142.7,3653
7308,987.1,3654
7310,23.8,3655
7312,995.7,3656
7314,107.5,3657
7316,19.5,3658
7318,16.6,3659
7320,45.2,3660
7322,13.8,3661
7324,50.6,3662
7326,136.4,3663
7328,299.7,3664
7330,26.8,3665
7332,587.5,3666
7334,379.2,3667
7336,122.1,3668
7338,3.3,3669
7340,484.6,3670
7342,235.1,3671
7344,1.1,3672
7346,80,3673
7348,17.8,3674
7350,700.8,3675
7352,8.4,3676
7354,232.5,3677
7356,431.9,3678
7358,95.4,3679
7360,51.3,3680
7362,414,3681
7364,11.1,3682
7366,96.8,3683
7368,84,3684
7370,9.8,3685
7372,100.6,3686
7374,55.2,3687
7376,4.9,3688
7378,82.7,3689
7380,151.2,3690
7382,242.7,3691
7384,150.8,3692
7386,9.2,3693
7388,198.5,3694
7390,104.7,3695
7392,71.4,3696
7394,150.2,3697
7396,67.1,3698
7398,113.5,3699
7400,359,3700
7402,11.7,3701
7404,336.2,3702
7406,575.2,3703
7408,172.8,3704
7410,52.5,3705
7412,27.4,3706
7414,77.3,3707
7416,322.8,3708
7418,535.6,3709
7420,37.1,3710
7422,18.4,3711
7424,11.8,3712
7426,1,3713
7428,6.1,3714
7430,636,3715
7432,41.7,3716
7434,92.9,3717
7436,32,3718
7438,478,3719
7440,106.9,3720
7442,0.9,3721
7444,15.8,3722
7446,441.2,3723
7448,11,3724
7450,76.3,3725
7452,80,3726
7454,21.4,3727
7456,52.6,3728
7458,343.3,3729
7460,8,3730
7462,21.4,3731
7464,347.4,3732
7466,108.9,3733
7468,745,3734
7470,48.3,3735
7472,41.2,3736
7474,19.5,3737
7476,735.5,3738
7478,56.4,3739
7480,1.8,3740
7482,465.3,3741
7484,171.1,3742
7486,10.7,3743
7488,857.7,3744
7490,157.5,3745
7492,24.6,3746
7494,517.3,3747
7496,3.6,3748
7498,914.5,3749
7500,205.8,3750
7502,398.1,3751
7504,817.6,3752
7506,27.6,3753
7508,191.3,3754
7510,0.9,3755
7512,258.7,3756
7514,450.3,3757
7516,11.5,3758
7518,17.7,3759
7520,196.1,3760
7522,139.7,3761
7524,288.9,3762
7526,33.4,3763
7528,206.1,3764
7530,226.5,3765
7532,81,3766
7534,35.3,3767
7536,10.7,3768
7538,548.1,3769
7540,183.7,3770
7542,1.7,3771
7544,750.8,3772
7546,0.6,3773
7548,44.4,3774
7550,11.1,3775
7552,7.4,3776
7554,97.2,3777
7556,63.8,3778
7558,6.9,3779
7560,397.3,3780
7562,641.1,3781
7564,631.7,3782
7566,230.1,3783
7568,144.5,3784
7570,342.3,3785
7572,132.1,3786
7574,457.5,3787
7576,190.2,3788
7578,119,3789
7580,42.7,3790
7582,405.5,3791
7584,144,3792
7586,778.2,3793
7588,116.8,3794
7590,619.6,3795
7592,85.1,3796
7594,2.3,3797
7596,169.6,3798
7598,131.2,3799
7600,275,3800
7602,33.1,3801
7604,661.4,3802
7606,492.7,3803
7608,430.1,3804
7610,457.3,3805
7612,44.9,3806
7614,101.1,3807
7616,179.5,3808
7618,991.2,3809
7620,177.5,3810
7622,317,3811
7624,68.2,3812
7626,141.6,3813
7628,3.3,3814
7630,85.5,3815
7632,140,3816
7634,5.3,3817
7636,422.9,3818
7638,47.4,3819
7640,97.1,3820
7642,10.9,3821
7644,38.3,3822
7646,294.1,3823
7648,42.7,3824
7650,731.4,3825
7652,55.3,3826
7654,80.6,3827
7656,216.2,3828
7658,55.4,3829
7660,18,3830
7662,412.2,3831
7664,103.3,3832
7666,14.5,3833
7668,105.8,3834
7670,164.3,3835
7672,6.6,3836
7674,299.4,3837
7676,306.8,3838
7678,131.6,3839
7680,685.2,3840
7682,1.8,3841
7684,525.7,3842
7686,375.5,3843
7688,81,3844
7690,0.7,3845
7692,928.4,3846
7694,61.8,3847
7696,93.8,3848
7698,6.2,3849
7700,480.7,3850
7702,72,3851
7704,191.7,3852
7706,397.8,3853
7708,952.1,3854
7710,185.6,3855
7712,22.8,3856
7714,587.5,3857
7716,466.4,3858
7718,1.4,3859
7720,137.5,3860
7722,79.8,3861
7724,36.4,3862
7726,8.2,3863
7728,63.8,3864
7730,25.1,3865
7732,40.4,3866
7734,673.7,3867
7736,488.2,3868
7738,72.2,3869
7740,16.8,3870
7742,255.4,3871
7744,209.5,3872
7746,340.5,3873
7748,11.2,3874
7750,994.6,3875
7752,10.8,3876
7754,63,3877
7756,30,3878
7758,243,3879
7760,624.7,3880
7762,36.7,3881
7764,160.3,3882
7766,326.6,3883
7768,40,3884
7770,313.5,3885
7772,52.4,3886
7774,28.1,3887
7776,65.6,3888
7778,843.2,3889
7780,421,3890
7782,336.3,3891
7784,114.8,3892
7786,593.5,3893
7788,9,3894
7790,160.3,3895
7792,108.4,3896
7794,9.4,3897
7796,27.5,3898
7798,33.7,3899
7800,2.9,3900
7802,13.8,3901
7804,46.1,3902
7806,278.1,3903
7808,135.2,3904
7810,339.9,3905
7812,183.2,3906
7814,635.9,3907
7816,28.6,3908
7818,24.2,3909
7820,167.5,3910
7822,463.6,3911
7824,33,3912
7826,83.1,3913
7828,17.8,3914
7830,252.4,3915
7832,21.4,3916
7834,30.1,3917
7836,384.6,3918
7838,366.7,3919
7840,493.6,3920
7842,48.2,3921
7844,34.9,3922
7846,666.2,3923
7848,23.4,3924
7850,34.9,3925
7852,0.2,3926
7854,601.9,3927
7856,85.8,3928
7858,143.7,3929
7860,30,3930
7862,472,3931
7864,215.2,3932
7866,136.2,3933
7868,161.1,3934
7870,7.4,3935
7872,36.4,3936
7874,706.6,3937
7876,982.3,3938
7878,401.4,3939
7880,53.6,3940
7882,17.3,3941
7884,5.2,3942
7886,108.2,3943
7888,741.6,3944
7890,214.6,3945
7892,12.5,3946
7894,76.7,3947
7896,36.3,3948
7898,79.7,3949
7900,44,3950
7902,14.4,3951
7904,38.9,3952
7906,481.1,3953
7908,116.7,3954
7910,123.7,3955
7912,93,3956
7914,18,3957
7916,894.3,3958
7918,12,3959
7920,29.5,3960
7922,908.1,3961
7924,88.1,3962
7926,133.5,3963
7928,226.2,3964
7930,56.7,3965
7932,901.8,3966
7934,53,3967
7936,166,3968
7938,66.4,3969
7940,114.4,3970
7942,26,3971
7944,774.7,3972
7946,311.6,3973
7948,408.9,3974
7950,34.2,3975
7952,99.4,3976
7954,105.4,3977
7956,29.8,3978
7958,77,3979
7960,373.9,3980
7962,213,3981
7964,591.9,3982
7966,6.7,3983
7968,16.4,3984
7970,5.5,3985
7972,653.4,3986
7974,757.9,3987
7976,207.7,3988
7978,44.2,3989
7980,6.8,3990
7982,578.3,3991
7984,4.7,3992
7986,129.2,3993
7988,87.2,3994
7990,490.1,3995
7992,408.5,3996
7994,390.2,3997
7996,91.4,3998
7998,637.8,3999
8000,54.1,4000
8002,21.1,4001
8004,452.4,4002
8006,484.1,4003
8008,148.2,4004
8010,78,4005
8012,13.4,4006
8014,106.9,4007
8016,63.5,4008
8018,15.8,4009
8020,159.9,4010
8022,807.7,4011
8024,64.5,4012
8026,622.7,4013
8028,141,4014
8030,1.5,4015
8032,418.7,4016
8034,449.1,4017
8036,614.6,4018
8038,788.5,4019
8040,449.9,4020
8042,31.7,4021
8044,211.7,4022
8046,75.6,4023
8048,454.3,4024
8050,309.9,4025
8052,474.6,4026
8054,377.5,4027
8056,936.7,4028
8058,182.2,4029
8060,99.2,4030
8062,226.7,4031
8064,124.9,4032
8066,103.2,4033
8068,29.3,4034
8070,26.9,4035
8072,254.8,4036
8074,259.6,4037
8076,10.5,4038
8078,9.6,4039
8080,78,4040
8082,60.5,4041
8084,194.1,4042
8086,595.8,4043
8088,200.4,4044
8090,169.6,4045
8092,750.1,4046
8094,18.6,4047
8096,16.1,4048
8098,324.9,4049
8100,3.1,4050
8102,226.9,4051
8104,39.5,4052
8106,705.4,4053
8108,168,4054
8110,5.6,4055
8112,532.9,4056
8114,26.2,4057
8116,602.9,4058
8118,13.4,4059
8120,29.4,4060
8122,540.2,4061
8124,79.7,4062
8126,6.7,4063
8128,293.4,4064
8130,407.2,4065
8132,266.1,4066
8134,8.8,4067
8136,3.8,4068
8138,13.1,4069
8140,7,4070
8142,153.5,4071
8144,9.6,4072
8146,25.3,4073
8148,116.8,4074
8150,28.1,4075
8152,303.4,4076
8154,367.9,4077
8156,15.5,4078
8158,38.4,4079
8160,207.5,4080
8162,40.2,4081
8164,94,4082
8166,69.2,4083
8168,470.7,4084
8170,84.2,4085
8172,103,4086
8174,20.8,4087
8176,690.1,4088
8178,191.3,4089
8180,91.4,4090
8182,26.5,4091
8184,295.7,4092
8186,125.3,4093
8188,972.6,4094
8190,9.9,4095
8192,293.2,4096
8194,821.2,4097
8196,29.1,4098
8198,296.6,4099
8200,71.6,4100
8202,342.8,4101
8204,237.7,4102
8206,155.1,4103
8208,74.8,4104
8210,59.4,4105
8212,6.9,4106
8214,22.2,4107
8216,654,4108
8218,70.9,4109
8220,11.6,4110
8222,48.2,4111
8224,243.6,4112
8226,66.3,4113
8228,150.9,4114
8230,499.9,4115
8232,4.3,4116
8234,240.8,4117
8236,227.9,4118
8238,31.4,4119
8240,69.8,4120
8242,174.1,4121
8244,459.3,4122
8246,37.1,4123
8248,107.5,4124
8250,68.1,4125
8252,70.6,4126
8254,12.8,4127
8256,15,4128
8258,65,4129
8260,269.8,4130
8262,111.2,4131
8264,15.3,4132
8266,287.1,4133
8268,36.1,4134
8270,716.5,4135
8272,78.2,4136
8274,203.2,4137
8276,2.9,4138
8278,332.6,4139
8280,10.6,4140
8282,94.3,4141
8284,91.9,4142
8286,321.8,4143
8288,62.1,4144
8290,89.6,4145
8292,82.3,4146
8294,992.7,4147
8296,108.6,4148
8298,515,4149
8300,409.6,4150
8302,397.3,4151
8304,11.5,4152
8306,211.4,4153
8308,38.4,4154
8310,397.6,4155
8312,8.8,4156
8314,32.7,4157
8316,152,4158
8318,7.8,4159
8320,143.3,4160
8322,111.3,4161
8324,50.7,4162
8326,229.6,4163
8328,270.3,4164
8330,90.1,4165
8332,308.4,4166
8334,11.3,4167
8336,172.6,4168
8338,5.8,4169
8340,13.2,4170
8342,15.4,4171
8344,159.1,4172
8346,21.8,4173
8348,273.6,4174
8350,23.3,4175
8352,10.6,4176
8354,16.3,4177
8356,51.1,4178
8358,169.3,4179
8360,26.1,4180
8362,103,4181
8364,4.6,4182
8366,9.2,4183
8368,135.4,4184
8370,134.6,4185
8372,338.6,4186
8374,291.9,4187
8376,6.9,4188
8378,14.2,4189
8380,5.7,4190
8382,204.5,4191
8384,640.8,4192
8386,20.1,4193
8388,120.9,4194
8390,17.2,4195
8392,8.4,4196
8394,421.6,4197
8396,415.5,4198
8398,522.7,4199
8400,546.8,4200
8402,326.1,4201
8404,702.6,4202
8406,17.8,4203
8408,29.5,4204
8410,180.7,4205
8412,236.9,4206
8414,330.4,4207
8416,70.2,4208
8418,44.2,4209
8420,82,4210
8422,129.7,4211
8424,114.7,4212
8426,51.2,4213
8428,267.1,4214
8430,90.5,4215
8432,154.9,4216
8434,6.3,4217
8436,603.3,4218
8438,21.4,4219
8440,105.6,4220
8442,683.5,4221
8444,114.7,4222
8446,29,4223
8448,9.6,4224
8450,39.3,4225
8452,210.2,4226
8454,74.9,4227
8456,398.2,4228
8458,94.5,4229
8460,353.6,4230
8462,554.6,4231
8464,26.6,4232
8466,417.1,4233
8468,359.5,4234
8470,209.3,4235
8472,159,4236
8474,826,4237
8476,232.2,4238
8478,261.1,4239
8480,248.5,4240
8482,389.7,4241
8484,117.4,4242
8486,776.4,4243
8488,20.7,4244
8490,25.9,4245
8492,159,4246
8494,779.5,4247
8496,24.8,4248
8498,37.8,4249
8500,122.4,4250
8502,505.2,4251
8504,413.9,4252
8506,183.2,4253
8508,157,4254
8510,689.3,4255
8512,40,4256
8514,835.5,4257
8516,3.5,4258
8518,63.9,4259
8520,72,4260
8522,70,4261
8524,129.7,4262
8526,668,4263
8528,27.4,4264
8530,43.3,4265
8532,442.3,4266
8534,476.3,4267
8536,475.6,4268
8538,64.3,4269
8540,141,4270
8542,293.7,4271
8544,110.4,4272
8546,292.5,4273
8548,188.6,4274
8550,343.1,4275
8552,215.9,4276
8554,70,4277
8556,265.4,4278
8558,424.7,4279
8560,30.7,4280
8562,265.1,4281
8564,9,4282
8566,15.1,4283
8568,2.8,4284
8570,28.3,4285
8572,10.1,4286
8574,204.5,4287
8576,74.5,4288
8578,37.3,4289
8580,26.6,4290
8582,33.5,4291
8584,58.1,4292
8586,35.2,4293
8588,53.4,4294
8590,49.5,4295
8592,46.2,4296
8594,552.3,4297
8596,125.7,4298
8598,342.9,4299
8600,575.9,4300
8602,0.5,4301
8604,19.8,4302
8606,24.5,4303
8608,78.8,4304
8610,51.1,4305
8612,54.7,4306
8614,135.6,4307
8616,128.3,4308
8618,60.2,4309
8620,164.6,4310
8622,108.8,4311
8624,395.1,4312
8626,322.2,4313
8628,213,4314
8630,94.1,4315
8632,16.9,4316
8634,5.3,4317
8636,8.9,4318
8638,56.4,4319
8640,546,4320
8642,0.3,4321
8644,12.9,4322
8646,178.7,4323
8648,3.2,4324
8650,20.7,4325
8652,571,4326
8654,9.4,4327
8656,6.7,4328
8658,16.9,4329
8660,292.6,4330
8662,89.2,4331
8664,0.9,4332
8666,26.9,4333
8668,361.9,4334
8670,139.5,4335
8672,46.6,4336
8674,56.4,4337
8676,882.5,4338
8678,47.9,4339
8680,8.9,4340
8682,230.1,4341
8684,45.8,4342
8686,67.4,4343
8688,222.1,4344
8690,225.2,4345
8692,719.3,4346
8694,126.3,4347
8696,439.3,4348
8698,677.4,4349
8700,392,4350
8702,12.6,4351
8704,208.5,4352
8706,12.3,4353
8708,45.6,4354
8710,178.5,4355
8712,243.3,4356
8714,442.5,4357
8716,84.4,4358
8718,16.4,4359
8720,334.3,4360
8722,24.1,4361
8724,488.2,4362
8726,295.8,4363
8728,221,4364
8730,601.7,4365
8732,279,4366
8734,624.4,4367
8736,165.2,4368
8738,34.5,4369
8740,3.4,4370
8742,166.1,4371
8744,198.5,4372
8746,81.6,4373
8748,2.4,4374
8750,707,4375
8752,878.5,4376
8754,318.5,4377
8756,286.6,4378
8758,638.3,4379
8760,36.5,4380
8762,15.6,4381
8764,249,4382
8766,932.5,4383
8768,43.3,4384
8770,853.5,4385
8772,515.8,4386
8774,19.3,4387
8776,192.6,4388
8778,358.9,4389
8780,106.4,4390
8782,123.6,4391
8784,123.3,4392
8786,442.6,4393
8788,13.9,4394
8790,138.6,4395
8792,367.6,4396
8794,302.1,4397
8796,966.4,4398
8798,21.2,4399
8800,27,4400
8802,30.5,4401
8804,11,4402
8806,111.7,4403
8808,812.7,4404
8810,18.9,4405
8812,360.1,4406
8814,347.9,4407
8816,196.1,4408
8818,104.3,4409
8820,537.4,4410
8822,28.9,4411
8824,883.3,4412
8826,51.7,4413
8828,62.7,4414
8830,4.8,4415
8832,4.5,4416
8834,3.4,4417
8836,33.8,4418
8838,1.1,4419
8840,329.5,4420
8842,326.6,4421
8844,508.6,4422
8846,144.3,4423
8848,867.7,4424
8850,36.3,4425
8852,3.5,4426
8854,175.2,4427
8856,17.5,4428
8858,260.2,4429
8860,150,4430
8862,920.3,4431
8864,14.9,4432
8866,157.1,4433
8868,498.5,4434
8870,37.3,4435
8872,52.8,4436
8874,59.7,4437
8876,25.7,4438
8878,306.7,4439
8880,76.3,4440
8882,423,4441
8884,462.7,4442
8886,166.2,4443
8888,345.5,4444
8890,17,4445
8892,14.1,4446
8894,62.1,4447
8896,65.5,4448
8898,445.1,4449
8900,487.1,4450
8902,312.2,4451
8904,91.5,4452
8906,23.4,4453
8908,51.1,4454
8910,48.9,4455
8912,817.1,4456
8914,886.1,4457
8916,453.6,4458
8918,34.3,4459
8920,12,4460
8922,721.1,4461
8924,696,4462
8926,144.4,4463
8928,81.6,4464
8930,221.3,4465
8932,87.4,4466
8934,8.3,4467
8936,220.9,4468
8938,93.9,4469
8940,54.7,4470
8942,27.6,4471
8944,53.1,4472
8946,138.5,4473
8948,4.9,4474
8950,164.4,4475
8952,2.3,4476
8954,272.6,4477
8956,337.9,4478
8958,1.8,4479
8960,10.2,4480
8962,52.6,4481
8964,225.9,4482
8966,0.2,4483
8968,290.7,4484
8970,358.5,4485
8972,35.8,4486
8974,171.3,4487
8976,297.6,4488
8978,2.4,4489
8980,80.1,4490
8982,27,4491
8984,270.5,4492
8986,4.9,4493
8988,544.8,4494
8990,39.5,4495
8992,44.5,4496
8994,176.9,4497
8996,806.1,4498
8998,336,4499
9000,14.9,4500
9002,478.3,4501
9004,44.8,4502
9006,297.4,4503
9008,503.5,4504
9010,93.9,4505
9012,139.3,4506
9014,137,4507
9016,25.3,4508
9018,30.4,4509
9020,37.5,4510
9022,2.9,4511
9024,724.4,4512
9026,292,4513
9028,810.7,4514
9030,0.9,4515
9032,1.2,4516
9034,291.6,4517
9036,639,4518
9038,3.9,4519
9040,591.5,4520
9042,871.1,4521
9044,121.3,4522
9046,99.5,4523
9048,52.7,4524
9050,27.7,4525
9052,963.6,4526
9054,15.8,4527
9056,413.6,4528
9058,98.6,4529
9060,156.8,4530
9062,328.1,4531
9064,329.2,4532
9066,12,4533
9068,39.4,4534
9070,28.3,4535
9072,119.5,4536
9074,159.5,4537
9076,47,4538
9078,96,4539
9080,112.1,4540
9082,16.9,4541
9084,3.7,4542
9086,44,4543
9088,992.4,4544
9090,16.8,4545
9092,942.8,4546
9094,30.3,4547
9096,76,4548
9098,122.6,4549
9100,576.9,4550
9102,144.9,4551
9104,11.3,4552
9106,71.2,4553
9108,171,4554
9110,90.1,4555
9112,175.3,4556
9114,115.2,4557
9116,24.1,4558
9118,112.3,4559
9120,17.7,4560
9122,157.5,4561
9124,114.9,4562
9126,90.6,4563
9128,15,4564
9130,969.7,4565
9132,38.1,4566
9134,1.1,4567
9136,19.2,4568
9138,35.6,4569
9140,2,4570
9142,295.9,4571
9144,488,4572
9146,9.4,4573
9148,302.7,4574
9150,109,4575
9152,30.7,4576
9154,2.4,4577
9156,375.8,4578
9158,170.8,4579
9160,249.4,4580
9162,117,4581
9164,376.7,4582
9166,241.5,4583
9168,206.1,4584
9170,107.9,4585
9172,10.4,4586
9174,869.1,4587
9176,28,4588
9178,34.7,4589
9180,47.1,4590
9182,240.8,4591
9184,37.7,4592
9186,654.2,4593
9188,214.6,4594
9190,41.4,4595
9192,620.9,4596
9194,10.1,4597
9196,329,4598
9198,7,4599
9200,119.9,4600
9202,13.4,4601
9204,176.4,4602
9206,293.4,4603
9208,163.3,4604
9210,62.3,4605
9212,99.9,4606
9214,23.2,4607
9216,167.5,4608
9218,13,4609
9220,65,4610
9222,268.1,4611
9224,11.1,4612
9226,212.9,4613
9228,181.6,4614
9230,163.4,4615
9232,48.1,4616
9234,14.9,4617
9236,101.2,4618
9238,412.4,4619
9240,169.5,4620
9242,297.9,4621
9244,131.2,4622
9246,43.9,4623
9248,134.8,4624
9250,20.1,4625
9252,16.3,4626
9254,788,4627
9256,999.9,4628
9258,21.6,4629
9260,62.8,4630
9262,712,4631
9264,282.8,4632
9266,299.5,4633
9268,6.6,4634
9270,133.4,4635
9272,157.6,4636
9274,76.9,4637
9276,230.1,4638
9278,86.5,4639
9280,687,4640
9282,54.5,4641
9284,192,4642
9286,110.6,4643
9288,15.1,4644
9290,81.6,4645
9292,48.7,4646
9294,126.8,4647
9296,148.6,4648
9298,345.4,4649
9300,19.5,4650
9302,28.2,4651
9304,841.6,4652
9306,16.5,4653
9308,69.5,4654
9310,91.5,4655
9312,12.5,4656
9314,467.5,4657
9316,5.9,4658
9318,81.1,4659
9320,822.7,4660
9322,138.9,4661
9324,54.2,4662
9326,781.9,4663
9328,392.1,4664
9330,72.8,4665
9332,672.2,4666
9334,458.3,4667
9336,33.1,4668
9338,190.3,4669
9340,74.5,4670
9342,74,4671
9344,56.8,4672
9346,20.1,4673
9348,31.2,4674
9350,10.4,4675
9352,0.5,4676
9354,23.4,4677
9356,42,4678
9358,252.5,4679
9360,130.3,4680
9362,268.4,4681
9364,82.1,4682
9366,854.2,4683
9368,33.3,4684
9370,118,4685
9372,79.5,4686
9374,30.2,4687
9376,726.7,4688
9378,39.8,4689
9380,286.8,4690
9382,467,4691
9384,160.9,4692
9386,11.1,4693
9388,39.6,4694
9390,640.4,4695
9392,830.1,4696
9394,165.5,4697
9396,748.6,4698
9398,10.9,4699
9400,165,4700
9402,533.1,4701
9404,394.1,4702
9406,37.5,4703
9408,114.7,4704
9410,140.3,4705
9412,257.1,4706
9414,527.5,4707
9416,171.7,4708
9418,10.1,4709
9420,180.8,4710
9422,94.7,4711
9424,15.8,4712
9426,23.8,4713
9428,72.2,4714
9430,238.8,4715
9432,112.2,4716
9434,30.9,4717
9436,29.7,4718
9438,124.2,4719
9440,158.8,4720
9442,593.6,4721
9444,332.6,4722
9446,42.9,4723
9448,36.3,4724
9450,52,4725
9452,307.4,4726
9454,390.6,4727
9456,220.3,4728
9458,548.7,4729
9460,559.7,4730
9462,753.9,4731
9464,20.2,4732
9466,88.9,4733
9468,13.1,4734
9470,82.5,4735
9472,13.1,4736
9474,292.8,4737
9476,250.6,4738
9478,62.5,4739
9480,45.6,4740
9482,25.1,4741
9484,17.6,4742
9486,62.8,4743
9488,398.6,4744
9490,1.2,4745
9492,209.9,4746
9494,947.2,4747
9496,152.2,4748
9498,26.2,4749
9500,92.3,4750
9502,50.3,4751
9504,718.4,4752
9506,58.6,4753
9508,41.5,4754
9510,922.1,4755
9512,97.8,4756
9514,53.6,4757
9516,159.7,4758
9518,10.1,4759
9520,61.6,4760
9522,112.8,4761
9524,450.4,4762
9526,115.2,4763
9528,9.1,4764
9530,304.2,4765
9532,558.4,4766
9534,43.3,4767
9536,58.4,4768
9538,456.4,4769
9540,49.2,4770
9542,55.2,4771
9544,28.1,4772
9546,141,4773
9548,78.5,4774
9550,589.1,4775
9552,407.8,4776
9554,156.2,4777
9556,99.7,4778
9558,184.1,4779
9560,23.8,4780
9562,242.5,4781
9564,26.8,4782
9566,95.5,4783
9568,36.4,4784
9570,52,4785
9572,191.5,4786
9574,253.1,4787
9576,146.6,4788
9578,22.8,4789
9580,56.7,4790
9582,414.2,4791
9584,19,4792
9586,799.7,4793
9588,147.2,4794
9590,115.9,4795
9592,658.8,4796
9594,589.1,4797
9596,14.6,4798
9598,89.6,4799
9600,28.4,4800
9602,467.8,4801
9604,46,4802
9606,5.2,4803
9608,71,4804
9610,120.8,4805
9612,164.4,4806
9614,290.3,4807
9616,179.1,4808
9618,32.4,4809
9620,164.6,4810
9622,26.7,4811
9624,112.8,4812
9626,823.7,4813
9628,215.5,4814
9630,4.7,4815
9632,17.1,4816
9634,322.6,4817
9636,166.3,4818
9638,404.9,4819
9640,347.7,4820
9642,173.1,4821
9644,646.6,4822
9646,8.2,4823
9648,150,4824
9650,19.4,4825
9652,14.7,4826
9654,135.9,4827
9656,838.8,4828
9658,284.9,4829
9660,47.9,4830
9662,192.8,4831
9664,285.5,4832
9666,18.9,4833
9668,4.2,4834
9670,352.8,4835
9672,29.6,4836
9674,65.6,4837
9676,56.1,4838
9678,39.6,4839
9680,13.1,4840
9682,26.1,4841
9684,356.7,4842
9686,96.1,4843
9688,759.4,4844
9690,329.1,4845
9692,332.6,4846
9694,31.4,4847
9696,31.5,4848
9698,151.9,4849
9700,362.4,4850
9702,140.6,4851
9704,474,4852
9706,9.3,4853
9708,99,4854
9710,668.6,4855
9712,23.5,4856
9714,96,4857
9716,78.7,4858
9718,34.2,4859
9720,391.1,4860
9722,6,4861
9724,159.9,4862
9726,81.8,4863
9728,55.4,4864
9730,13.8,4865
9732,2,4866
9734,89.8,4867
9736,12,4868
9738,65.5,4869
9740,312.4,4870
9742,14.8,4871
9744,119.9,4872
9746,26.4,4873
9748,8.8,4874
9750,88.4,4875
9752,120.5,4876
9754,74.5,4877
9756,716.5,4878
9758,44.3,4879
9760,48.1,4880
9762,210.5,4881
9764,169,4882
9766,14.8,4883
9768,883.4,4884
9770,412.9,4885
9772,53.1,4886
9774,129.7,4887
9776,57.7,4888
9778,85.2,4889
9780,4.4,4890
9782,21.9,4891
9784,198.9,4892
9786,91.8,4893
9788,17.8,4894
9790,14.3,4895
9792,63.5,4896
9794,365.6,4897
9796,76.4,4898
9798,518.5,4899
9800,95.5,4900
9802,275.2,4901
9804,41.9,4902
9806,143.5,4903
9808,410.6,4904
9810,11.9,4905
9812,200.2,4906
9814,136,4907
9816,420.4,4908
9818,84,4909
9820,11.2,4910
9822,34.3,4911
9824,309.3,4912
9826,89.5,4913
9828,451.1,4914
9830,36.2,4915
9832,163.1,4916
9834,550.6,4917
9836,246.9,4918
9838,238,4919
9840,101.9,4920
9842,166.5,4921
9844,107.6,4922
9846,19.7,4923
9848,989.9,4924
9850,56.5,4925
9852,273.2,4926
9854,36.2,4927
9856,52.6,4928
9858,312,4929
9860,327,4930
9862,829,4931
9864,128.1,4932
9866,51.4,4933
9868,15.7,4934
9870,57.5,4935
9872,13.9,4936
9874,34.7,4937
9876,82.2,4938
9878,847.2,4939
9880,17.5,4940
9882,599.4,4941
9884,15.8,4942
9886,184.5,4943
9888,597.5,4944
9890,10.9,4945
9892,91.9,4946
9894,18.9,4947
9896,3.9,4948
9898,0.8,4949
9900,104.8,4950
9902,599.1,4951
9904,15.7,4952
9906,176.9,4953
9908,77.6,4954
9910,15.7,4955
9912,88.9,4956
9914,45.5,4957
9916,134.9,4958
9918,87.8,4959
9920,196.8,4960
9922,424.5,4961
9924,998.3,4962
9926,48.3,4963
9928,375.5,4964
9930,705.5,4965
9932,16.6,4966
9934,190,4967
9936,4.4,4968
9938,890.5,4969
9940,741.1,4970
9942,13.7,4971
9944,200.7,4972
9946,281.5,4973
9948,301.4,4974
9950,26.5,4975
9952,6.7,4976
9954,12.6,4977
9956,828.7,4978
9958,80.8,4979
9960,517.9,4980
9962,6.2,4981
9964,166,4982
9966,19,4983
9968,5.8,4984
9970,38.4,4985
9972,98,4986
9974,178.1,4987
9976,85.1,4988
9978,194.6,4989
9980,733.9,4990
9982,45.3,4991
9984,955.7,4992
9986,137.6,4993
9988,37.1,4994
9990,78.2,4995
9992,19.3,4996
9994,56.4,4997
9996,149,4998
9998,157,4999
10000,27.5,5000